Label;Y;X
1;11;693
1;11;694
1;12;694
1;13;694
1;14;694
1;15;694
2;12;692
2;13;692
2;14;692
3;12;693
3;12;694
3;13;694
3;14;694
3;15;694
3;11;694
3;12;692
3;13;692
3;14;692
3;11;693
4;14;663
4;14;664
4;15;663
4;16;663
5;15;665
6;15;691
6;16;691
7;16;666
7;17;666
8;16;693
8;17;693
8;18;693
8;19;693
8;20;693
8;21;693
9;17;664
9;18;664
10;17;690
10;18;690
11;18;667
12;19;665
12;20;665
12;21;665
13;19;668
14;19;689
14;20;689
14;21;689
15;20;669
15;21;669
16;22;666
16;23;666
17;22;670
18;22;688
18;23;688
19;22;692
19;23;692
19;24;692
19;25;692
19;26;692
19;27;692
19;28;692
20;23;671
20;24;671
21;24;667
21;25;667
21;26;667
22;24;687
22;25;687
23;25;672
24;26;673
25;26;686
25;27;686
25;28;686
26;27;668
26;28;668
27;27;674
27;28;674
28;29;131
28;29;132
28;30;131
28;31;131
29;29;568
29;29;569
29;29;570
29;30;568
30;29;619
30;29;620
31;29;669
31;30;669
31;31;669
32;29;675
33;29;685
33;30;685
34;29;691
34;30;691
34;31;691
34;32;691
34;33;691
34;34;691
35;29;717
36;30;133
36;31;133
37;30;571
37;30;572
37;30;573
38;30;617
38;30;618
39;30;621
40;30;676
41;30;715
41;30;716
42;30;718
43;31;569
44;31;574
44;31;575
45;31;614
45;31;615
45;31;616
46;31;620
47;31;677
47;32;677
48;31;684
48;32;684
49;31;712
49;31;713
49;31;714
50;31;717
51;32;132
51;33;132
51;34;132
51;35;132
51;36;132
51;37;132
51;38;132
52;32;134
52;33;134
52;34;134
53;32;570
53;32;571
54;32;576
54;32;577
54;32;578
55;32;611
55;32;612
55;32;613
56;32;618
56;32;619
57;32;670
57;33;670
58;32;710
58;32;711
59;32;715
59;32;716
60;33;161
60;33;162
60;34;161
61;33;572
62;33;579
62;33;580
63;33;609
63;33;610
64;33;617
65;33;678
66;33;683
66;34;683
66;35;683
67;33;707
67;33;708
67;33;709
68;33;714
69;34;163
70;34;573
71;34;581
71;34;582
71;34;583
72;34;606
72;34;607
72;34;608
73;34;616
74;34;671
74;35;671
74;36;671
75;34;679
75;35;679
76;34;704
76;34;705
76;34;706
77;34;713
78;35;135
78;36;135
79;35;160
80;35;162
80;36;162
81;35;574
82;35;584
82;35;585
82;35;586
83;35;604
83;35;605
84;35;615
85;35;690
85;36;690
85;37;690
85;38;690
85;39;690
86;35;702
86;35;703
87;35;711
87;35;712
88;36;159
89;36;575
89;36;576
90;36;587
90;36;588
91;36;601
91;36;602
91;36;603
92;36;613
92;36;614
93;36;680
94;36;682
95;36;700
95;36;701
96;36;710
97;37;136
97;38;136
97;39;136
98;37;158
98;38;158
99;37;161
99;38;161
100;37;577
101;37;589
101;37;590
101;37;591
102;37;598
102;37;599
102;37;600
103;37;612
104;37;672
104;38;672
105;37;681
106;37;697
106;37;698
106;37;699
107;37;709
108;38;578
109;38;592
109;38;593
110;38;596
110;38;597
111;38;611
112;38;644
112;38;645
112;38;646
112;38;647
112;38;648
112;38;649
112;38;650
112;39;645
112;39;644
113;38;694
113;38;695
113;38;696
114;38;707
114;38;708
115;39;133
115;40;133
115;41;133
115;42;133
115;43;133
115;44;133
115;45;133
115;46;133
116;39;157
117;39;160
117;40;160
117;41;160
118;39;579
119;39;594
119;39;595
120;39;610
121;39;651
121;39;652
121;39;653
121;39;654
121;39;655
121;39;656
121;39;657
122;39;673
122;40;673
122;41;673
123;39;692
123;39;693
124;39;706
125;40;137
125;41;137
126;40;156
127;40;580
128;40;609
129;40;646
129;40;647
129;40;648
130;40;658
130;40;659
130;40;660
130;40;661
130;40;662
130;40;663
131;40;691
132;40;704
132;40;705
133;41;155
134;41;581
134;41;582
135;41;607
135;41;608
136;41;649
136;41;650
137;41;664
137;41;665
137;41;666
137;41;667
137;41;668
137;41;669
138;41;703
139;42;138
139;43;138
139;44;138
140;42;154
140;43;154
141;42;159
141;43;159
142;42;583
143;42;606
144;42;651
144;42;652
144;42;653
145;42;670
145;42;671
145;42;672
146;42;702
147;43;584
148;43;605
149;43;654
149;43;655
150;43;700
150;43;701
151;44;153
152;44;158
152;45;158
153;44;585
154;44;603
154;44;604
155;44;656
155;44;657
156;44;699
157;45;139
157;46;139
158;45;152
159;45;586
159;45;587
160;45;602
161;45;658
161;45;659
161;45;660
162;45;698
163;46;151
163;47;151
164;46;157
164;47;157
165;46;588
166;46;601
167;46;661
167;46;662
168;46;696
168;46;697
169;47;107
169;47;108
169;48;107
170;47;134
170;48;134
170;49;134
170;50;134
170;51;134
170;52;134
170;53;134
171;47;140
171;48;140
171;49;140
172;47;589
173;47;600
174;47;663
174;47;664
175;47;695
175;48;695
176;48;109
176;48;110
176;48;111
177;48;150
178;48;156
178;49;156
178;50;156
179;48;590
179;49;590
179;50;590
179;51;590
179;52;590
180;48;599
180;49;599
180;50;599
180;51;599
180;52;599
181;48;665
181;48;666
181;48;667
182;49;108
183;49;112
183;49;113
184;49;149
185;49;668
185;49;669
186;49;696
186;49;697
187;50;109
188;50;114
188;50;115
189;50;141
189;51;141
190;50;148
190;51;148
191;50;670
191;51;670
192;50;698
192;50;699
192;50;700
193;51;110
193;51;111
194;51;116
194;51;117
194;51;118
195;51;155
195;52;155
196;51;701
196;51;702
197;52;112
198;52;119
198;52;120
199;52;142
199;53;142
199;54;142
200;52;147
201;52;669
202;52;703
202;52;704
203;53;113
204;53;121
204;53;122
205;53;146
206;53;154
206;54;154
207;53;591
207;54;591
207;55;591
207;56;591
207;57;591
207;58;591
207;59;591
208;53;598
208;54;598
208;55;598
208;56;598
208;57;598
208;58;598
209;53;667
209;53;668
210;53;705
210;53;706
210;53;707
211;54;114
211;54;115
212;54;123
212;54;124
212;54;125
213;54;135
213;55;135
213;56;135
213;57;135
214;54;145
215;54;666
216;54;708
216;54;709
217;55;116
218;55;126
218;55;127
219;55;143
219;55;144
220;55;153
220;56;153
220;57;153
221;55;665
222;55;710
222;55;711
223;56;117
224;56;128
224;56;129
225;56;663
225;56;664
226;56;693
226;56;694
227;56;712
227;56;713
227;56;714
228;57;118
228;57;119
229;57;130
229;57;131
229;57;132
230;57;179
230;57;180
231;57;662
232;57;692
232;58;692
233;57;695
233;57;696
233;57;697
233;57;698
233;57;699
233;57;700
233;57;701
234;57;715
234;57;716
235;58;120
236;58;133
236;58;134
237;58;152
237;59;152
238;58;172
238;58;173
238;58;174
238;58;175
238;58;176
238;58;177
238;58;178
238;59;178
238;59;179
238;59;180
239;58;181
240;58;661
241;58;675
242;58;702
242;58;703
242;58;704
242;58;705
242;58;706
242;58;707
243;58;717
243;58;718
244;59;121
245;59;164
245;59;165
245;59;166
245;59;167
245;59;168
245;59;169
245;59;170
245;59;171
246;59;597
246;60;597
246;61;597
246;62;597
246;63;597
246;64;597
247;59;659
247;59;660
248;59;672
248;59;673
248;59;674
249;59;676
250;59;693
250;60;693
250;61;693
251;59;708
251;59;709
251;59;710
251;59;711
251;59;712
251;59;713
252;59;719
252;59;720
252;59;721
252;60;721
252;61;721
252;61;720
252;60;719
252;60;718
252;60;717
252;60;716
252;60;715
252;60;714
253;60;122
254;60;151
255;60;156
255;60;157
255;60;158
255;60;159
255;60;160
255;60;161
255;60;162
255;60;163
256;60;176
256;60;177
257;60;592
257;61;592
257;62;592
257;63;592
257;64;592
257;65;592
258;60;658
259;60;670
259;60;671
260;60;675
260;61;675
260;62;675
260;63;675
260;64;675
260;65;675
261;61;123
261;61;124
262;61;152
262;61;153
262;61;154
262;61;155
263;61;173
263;61;174
263;61;175
264;61;656
264;61;657
265;61;667
265;61;668
265;61;669
266;61;684
267;62;125
268;62;171
268;62;172
269;62;655
270;62;665
270;62;666
271;62;683
271;63;683
272;62;685
273;62;694
273;63;694
274;63;126
275;63;168
275;63;169
275;63;170
276;63;654
277;63;662
277;63;663
277;63;664
278;63;686
278;64;686
279;64;127
279;64;128
280;64;166
280;64;167
281;64;652
281;64;653
282;64;660
282;64;661
283;64;682
283;65;682
284;64;695
284;65;695
284;66;695
285;65;129
286;65;163
286;65;164
286;65;165
287;65;596
287;66;596
287;67;596
287;68;596
287;69;596
287;70;596
287;71;596
288;65;651
289;65;657
289;65;658
289;65;659
290;65;687
291;66;130
292;66;161
292;66;162
293;66;593
293;67;593
293;68;593
293;69;593
293;70;593
293;71;593
294;66;650
295;66;655
295;66;656
296;66;674
296;67;674
296;68;674
296;69;674
296;70;674
296;71;674
297;66;681
297;67;681
297;68;681
298;66;688
299;67;128
299;67;129
300;67;158
300;67;159
300;67;160
301;67;648
301;67;649
302;67;652
302;67;653
302;67;654
303;67;689
303;68;689
304;67;696
304;68;696
305;68;126
305;68;127
306;68;156
306;68;157
307;68;647
308;68;650
308;68;651
309;69;123
309;69;124
309;69;125
310;69;155
311;69;648
311;69;649
312;69;680
312;70;680
313;69;690
314;69;697
314;70;697
314;71;697
315;70;120
315;70;121
315;70;122
316;70;154
317;70;691
318;71;118
318;71;119
319;71;155
320;71;679
320;72;679
320;73;679
321;71;692
321;72;692
322;72;115
322;72;116
322;72;117
323;72;156
323;72;157
324;72;594
324;72;595
324;73;595
324;74;595
324;74;594
324;73;594
325;72;673
325;73;673
325;74;673
325;75;673
325;76;673
325;77;673
325;78;673
326;72;698
326;73;698
327;73;113
327;73;114
328;73;158
329;73;693
330;74;110
330;74;111
330;74;112
331;74;159
332;74;678
332;75;678
333;74;694
333;75;694
334;74;699
334;75;699
334;76;699
335;75;108
335;75;109
336;75;125
336;75;126
336;75;127
336;75;128
336;75;129
336;75;130
336;75;131
337;75;160
337;75;161
338;76;105
338;76;106
338;76;107
339;76;118
339;76;119
339;76;120
339;76;121
339;76;122
339;76;123
339;76;124
340;76;132
340;77;132
341;76;162
342;76;677
342;77;677
343;76;695
344;77;103
344;77;104
344;78;104
344;78;105
344;78;106
344;78;107
344;78;108
344;78;109
344;78;103
345;77;110
345;77;111
345;77;112
345;77;113
345;77;114
345;77;115
345;77;116
345;77;117
346;77;150
347;77;163
348;77;696
349;77;700
349;78;700
350;78;131
350;79;131
351;78;149
351;79;149
351;80;149
351;81;149
351;82;149
351;83;149
351;84;149
352;78;151
352;78;152
353;78;164
353;78;165
354;78;676
354;79;676
354;80;676
355;78;697
355;79;697
356;79;153
356;79;154
357;79;166
358;79;672
358;80;672
358;81;672
358;82;672
358;83;672
358;84;672
359;79;701
359;80;701
359;81;701
360;80;130
360;81;130
360;82;130
361;80;140
362;80;155
362;80;156
362;80;157
363;80;167
364;80;698
365;81;139
366;81;141
366;82;141
367;81;158
367;81;159
368;81;168
369;81;675
369;82;675
370;81;699
371;82;138
372;82;160
372;82;161
373;82;169
373;82;170
374;82;700
374;83;700
375;82;702
375;83;702
375;84;702
375;84;701
376;83;129
376;84;129
377;83;137
377;84;137
378;83;142
378;84;142
379;83;162
379;83;163
379;83;164
380;83;171
381;83;674
381;84;674
382;84;165
382;84;166
383;84;172
384;85;128
384;86;128
385;85;136
386;85;143
386;86;143
386;87;143
387;85;150
387;86;150
387;87;150
387;88;150
387;89;150
387;90;150
387;91;150
387;92;150
388;85;167
388;85;168
389;85;173
389;85;174
390;85;671
390;86;671
390;87;671
390;88;671
390;88;672
391;85;673
391;86;673
391;87;673
392;86;135
393;86;169
393;86;170
393;86;171
394;86;175
395;87;127
395;88;127
395;89;127
396;87;134
397;87;172
397;87;173
398;87;176
398;88;176
398;88;177
398;88;175
398;88;174
399;88;133
399;89;133
400;88;144
400;89;144
401;90;126
401;91;126
402;90;132
403;90;145
403;91;145
403;92;145
404;90;951
404;90;952
404;90;953
404;90;954
404;90;955
404;90;956
404;90;957
404;90;958
404;90;959
404;90;960
404;90;961
405;91;131
406;91;948
406;91;949
406;91;950
407;91;962
407;91;963
407;91;964
408;92;125
408;93;125
409;92;130
409;93;130
410;92;946
410;92;947
411;92;965
411;92;966
412;93;146
412;94;146
413;93;151
413;94;151
413;95;151
413;96;151
413;97;151
413;98;151
413;99;151
414;93;945
415;93;967
415;93;968
416;94;124
416;95;124
416;96;124
417;94;129
418;94;943
418;94;944
419;94;969
420;95;128
421;95;147
421;96;147
421;97;147
422;95;942
423;95;970
424;96;127
424;97;127
425;96;941
426;96;971
427;97;123
427;98;123
428;97;439
428;97;440
428;97;441
428;98;441
428;99;441
428;99;440
428;100;440
428;101;440
428;102;440
428;103;440
428;104;440
428;105;440
428;106;440
428;107;440
428;108;440
428;109;440
428;110;440
428;111;440
428;98;439
429;97;940
429;98;940
430;97;972
431;98;126
432;98;148
432;99;148
433;98;973
434;99;122
434;100;122
435;99;125
436;99;939
437;99;974
437;100;974
438;100;124
439;100;149
439;101;149
439;102;149
440;100;152
440;101;152
440;102;152
440;103;152
440;104;152
440;105;152
440;105;151
440;106;151
440;107;151
440;107;152
440;106;152
441;100;442
441;101;442
441;102;442
442;100;938
442;101;938
443;101;121
443;102;121
443;102;122
443;102;123
443;101;123
444;101;975
444;102;975
444;103;975
445;102;469
445;102;470
445;103;470
445;104;470
445;103;469
446;102;937
446;103;937
446;104;937
447;103;150
447;104;150
448;103;443
448;104;443
448;105;443
449;104;468
450;104;976
450;105;976
450;106;976
451;105;467
452;105;469
452;106;469
453;105;936
453;106;936
453;107;936
453;108;936
453;109;936
453;110;936
453;111;936
453;112;936
453;113;936
453;114;936
453;115;936
454;106;444
454;107;444
454;108;444
455;106;466
456;107;465
457;107;468
457;108;468
458;107;977
458;108;977
458;109;977
458;110;977
458;111;977
458;112;977
458;113;977
459;108;464
460;109;445
460;110;445
460;111;445
461;109;463
461;110;463
462;109;467
462;110;467
463;111;462
464;111;466
464;112;466
464;113;466
465;112;441
465;113;441
465;114;441
465;115;441
465;116;441
465;117;441
465;118;441
465;119;441
465;120;441
465;121;441
465;122;441
465;123;441
465;124;441
466;112;446
466;113;446
466;114;446
467;112;461
468;113;415
469;113;460
470;114;414
471;114;416
471;114;417
472;114;459
473;114;465
473;115;465
474;114;976
474;115;976
474;116;976
474;117;976
475;115;415
476;115;418
476;115;419
477;115;447
477;116;447
477;117;447
478;115;458
478;116;458
479;116;416
480;116;420
480;116;421
481;116;464
481;117;464
482;116;937
482;117;937
482;118;937
483;117;417
484;117;422
484;117;423
485;117;457
486;118;418
487;118;424
487;118;425
488;118;448
488;119;448
488;120;448
489;118;456
490;118;463
490;119;463
491;118;975
491;119;975
492;119;419
493;119;426
493;119;427
494;119;455
495;119;938
495;120;938
496;120;420
496;120;421
497;120;428
497;120;429
498;120;454
499;120;462
499;121;462
500;120;974
500;121;974
501;121;422
502;121;430
502;121;431
503;121;449
503;122;449
503;123;449
504;121;453
505;121;939
505;122;939
506;122;423
507;122;432
507;122;433
508;122;452
508;123;452
509;122;461
509;123;461
510;122;973
510;123;973
511;123;424
512;123;434
512;123;435
513;123;940
514;124;425
515;124;436
515;124;437
516;124;450
516;124;451
517;124;460
517;125;460
518;124;941
519;124;972
520;125;426
521;125;438
521;125;439
522;125;442
523;125;942
524;125;971
525;126;427
525;126;428
526;126;440
526;126;441
527;126;459
527;127;459
528;126;943
529;126;970
530;127;429
531;127;944
532;127;968
532;127;969
533;128;430
534;128;458
534;129;458
535;128;475
535;128;476
535;128;477
535;128;478
535;128;479
535;128;480
535;128;481
535;128;482
535;128;483
535;128;484
535;128;485
535;128;486
535;128;487
535;129;487
535;129;486
535;129;485
536;128;945
536;128;946
537;128;967
538;129;431
539;129;461
539;129;462
539;129;463
539;129;464
539;129;465
539;129;466
539;129;467
539;129;468
539;129;469
539;129;470
539;129;471
539;129;472
539;129;473
539;129;474
540;129;947
540;129;948
541;129;964
541;129;965
541;129;966
542;130;432
543;130;459
543;130;460
544;130;482
544;130;483
544;130;484
545;130;949
545;130;950
545;130;951
545;130;952
546;130;960
546;130;961
546;130;962
546;130;963
547;131;433
548;131;479
548;131;480
548;131;481
549;131;953
549;131;954
549;131;955
549;131;956
549;131;957
549;131;958
549;131;959
550;132;434
550;132;435
551;132;476
551;132;477
551;132;478
552;133;436
553;133;473
553;133;474
553;133;475
554;134;435
555;134;470
555;134;471
555;134;472
556;135;432
556;135;433
556;135;434
557;135;467
557;135;468
557;135;469
558;136;429
558;136;430
558;136;431
559;136;464
559;136;465
559;136;466
560;137;426
560;137;427
560;137;428
561;137;461
561;137;462
561;137;463
562;138;423
562;138;424
562;138;425
563;138;460
563;139;460
564;139;420
564;139;421
564;139;422
565;140;417
565;140;418
565;140;419
566;140;461
567;141;414
567;141;415
567;141;416
568;141;462
568;141;463
569;142;411
569;142;412
569;142;413
570;142;434
570;142;435
570;142;436
570;142;437
571;142;464
572;143;408
572;143;409
572;143;410
572;144;410
572;144;411
572;144;412
572;144;413
572;144;414
572;144;415
572;144;416
572;144;417
572;144;418
572;144;419
572;144;409
573;143;420
573;143;421
573;143;422
573;143;423
573;143;424
573;143;425
573;143;426
573;143;427
573;143;428
573;143;429
573;143;430
573;143;431
573;143;432
573;143;433
574;143;438
574;144;438
575;143;465
576;144;466
577;145;437
577;146;437
578;145;467
579;146;455
579;146;456
580;146;468
581;147;436
581;148;436
582;147;454
582;148;454
582;149;454
582;150;454
582;151;454
583;147;457
583;147;458
584;147;469
584;147;470
585;148;445
586;148;459
586;148;460
587;148;471
588;149;435
588;150;435
589;149;444
590;149;446
591;149;461
591;149;462
592;149;472
593;150;443
594;150;447
594;151;447
594;152;447
595;150;463
595;150;464
596;150;473
597;151;434
597;152;434
598;151;442
598;152;442
599;151;465
599;151;466
600;151;474
601;152;455
601;153;455
601;154;455
601;155;455
601;156;455
601;157;455
601;158;455
601;159;455
601;160;455
601;161;455
601;162;455
601;163;455
601;164;455
601;165;455
602;152;467
602;152;468
603;152;475
604;153;433
604;154;433
605;153;441
606;153;448
606;154;448
606;155;448
607;153;469
607;153;470
608;153;476
608;153;477
609;154;440
610;154;471
610;154;472
611;154;478
612;155;432
612;156;432
613;155;439
614;155;473
614;155;474
615;155;479
616;156;438
617;156;449
617;157;449
617;158;449
618;156;475
618;156;476
619;156;480
620;157;431
620;158;431
621;157;437
622;157;477
622;157;478
623;157;481
623;158;481
623;158;480
623;158;479
624;158;436
624;159;436
625;159;430
625;160;430
626;159;450
626;160;450
626;161;450
627;160;435
628;161;429
628;162;429
629;161;434
630;162;433
631;162;451
631;163;451
631;164;451
632;163;428
632;164;428
633;163;432
634;164;431
635;165;427
635;166;427
636;165;430
636;166;430
637;165;452
637;166;452
637;167;452
638;166;456
638;167;456
638;168;456
638;169;456
638;170;456
638;171;456
638;172;456
638;173;456
638;174;456
638;174;455
638;175;455
638;175;456
639;167;426
639;168;426
639;169;426
639;169;427
639;169;425
640;167;429
641;168;428
642;168;453
642;169;453
642;170;453
643;171;454
643;172;454
643;173;454
644;196;454
644;196;455
644;197;455
644;198;455
644;199;455
644;200;455
644;201;455
644;202;455
644;197;454
645;198;453
645;199;453
645;200;453
646;200;424
646;200;425
646;201;424
647;201;426
648;201;452
648;202;452
649;202;425
649;203;425
649;204;425
650;202;427
651;203;428
651;204;428
652;203;451
652;204;451
653;203;454
653;204;454
653;205;454
653;206;454
653;207;454
653;208;454
654;205;426
654;206;426
655;205;429
656;205;450
656;206;450
656;207;450
657;206;430
658;207;427
658;208;427
659;207;431
659;208;431
660;208;449
660;209;449
661;209;428
661;210;428
661;211;428
662;209;432
663;209;453
663;210;453
663;211;453
663;212;453
663;213;453
663;214;453
663;215;453
664;210;433
664;211;433
665;210;448
665;211;448
665;212;448
666;212;429
666;213;429
667;212;434
668;213;435
669;213;447
669;214;447
670;214;430
670;215;430
670;216;430
671;214;436
671;215;436
672;215;446
672;216;446
672;217;446
673;215;477
673;215;478
673;215;479
673;216;479
674;216;437
675;216;452
675;217;452
675;218;452
675;219;452
675;220;452
675;221;452
675;222;452
676;216;475
676;216;476
677;217;431
677;218;431
678;217;438
679;217;472
679;217;473
679;217;474
680;217;477
680;217;478
681;218;439
681;219;439
682;218;445
682;219;445
683;218;470
683;218;471
684;218;476
685;219;432
685;220;432
685;221;432
686;219;467
686;219;468
686;219;469
687;219;475
688;220;440
689;220;444
689;221;444
690;220;465
690;220;466
691;220;474
692;221;441
693;221;463
693;221;464
694;221;472
694;221;473
695;222;433
695;223;433
696;222;442
696;222;443
697;222;460
697;222;461
697;222;462
698;222;471
699;223;451
699;224;451
699;225;451
700;223;457
700;223;458
700;223;459
701;223;469
701;223;470
702;224;405
702;224;406
702;224;407
702;224;408
702;224;409
702;224;410
702;224;411
702;224;412
702;225;407
702;225;406
702;225;405
703;224;434
703;225;434
703;226;434
704;224;455
704;224;456
705;224;468
706;225;413
706;225;414
706;225;415
706;225;416
706;225;417
706;225;418
707;225;453
707;225;454
708;225;467
709;226;408
709;226;409
710;226;419
710;226;420
710;226;421
710;226;422
710;226;423
710;226;424
710;226;425
711;226;452
712;226;465
712;226;466
713;227;410
713;227;411
713;227;412
714;227;426
714;227;427
714;227;428
714;227;429
714;227;430
714;227;431
714;227;432
715;227;435
716;227;464
717;228;413
717;228;414
718;228;433
718;228;434
719;228;463
720;229;415
720;229;416
720;229;417
721;229;461
721;229;462
722;230;418
722;230;419
723;230;460
724;231;420
724;231;421
725;231;459
726;232;422
726;232;423
726;232;424
727;232;457
727;232;458
728;233;425
728;233;426
729;233;456
730;234;427
730;234;428
730;234;429
731;234;457
732;235;430
732;235;431
733;235;458
733;235;459
733;235;460
734;236;432
735;236;461
735;236;462
736;237;431
737;237;463
737;237;464
738;238;430
739;238;465
739;238;466
739;238;467
740;239;429
741;239;468
741;239;469
742;240;427
742;240;428
743;240;470
743;240;471
744;241;426
745;241;472
745;241;473
745;241;474
746;242;425
747;242;454
747;242;455
747;242;456
747;242;457
747;242;458
748;242;475
748;242;476
749;243;423
749;243;424
750;243;453
751;243;459
751;243;460
751;243;461
751;243;462
751;243;463
751;243;464
751;243;465
752;243;477
752;243;478
752;243;479
753;244;422
754;244;436
755;244;454
755;245;454
756;244;466
756;244;467
756;244;468
756;244;469
756;244;470
756;244;471
757;244;480
757;244;481
758;245;421
759;245;433
759;245;434
759;245;435
760;245;437
760;246;437
760;247;437
760;248;437
761;245;472
761;245;473
761;245;474
761;245;475
761;245;476
761;245;477
761;245;478
762;245;482
762;245;483
762;246;483
762;246;482
762;246;481
762;246;480
762;246;479
763;246;419
763;246;420
764;246;431
764;246;432
765;246;455
765;247;455
766;247;418
767;247;428
767;247;429
767;247;430
768;247;446
769;248;416
769;248;417
770;248;426
770;248;427
771;248;445
772;248;447
772;249;447
773;248;456
773;249;456
773;250;456
774;249;415
775;249;423
775;249;424
775;249;425
776;249;436
776;250;436
776;251;436
776;252;436
776;253;436
776;254;436
776;255;436
777;249;444
777;250;444
778;250;414
779;250;421
779;250;422
780;250;448
781;251;412
781;251;413
782;251;419
782;251;420
783;251;443
783;252;443
783;253;443
784;251;449
785;251;457
785;252;457
786;252;411
787;252;416
787;252;417
787;252;418
788;252;450
789;253;410
790;253;414
790;253;415
791;253;451
791;254;451
792;253;458
792;254;458
792;255;458
793;254;409
793;255;409
793;255;410
794;254;411
794;254;412
794;254;413
795;254;442
795;255;442
796;255;452
797;256;435
797;257;435
797;258;435
797;259;435
797;260;435
797;261;435
798;256;441
798;257;441
799;256;453
799;257;453
800;256;459
800;257;459
801;258;440
801;259;440
801;260;440
802;258;454
803;258;460
803;259;460
803;260;460
804;259;455
805;260;308
805;260;309
805;260;310
805;260;311
805;260;312
805;260;313
805;260;314
806;260;456
806;261;456
807;261;304
807;261;305
807;261;306
807;261;307
808;261;315
808;261;316
808;261;317
808;261;318
809;261;439
809;262;439
810;261;461
810;262;461
811;262;302
811;262;303
812;262;319
812;262;320
813;262;434
813;263;434
813;264;434
813;265;434
813;266;434
813;267;434
813;268;434
814;262;457
815;263;300
815;263;301
816;263;321
816;263;322
817;263;438
817;264;438
818;263;458
819;263;462
819;264;462
819;265;462
820;264;298
820;264;299
821;264;323
822;264;459
822;265;459
823;265;297
824;265;324
825;265;437
825;266;437
825;267;437
826;266;296
827;266;325
828;266;460
829;266;463
829;267;463
830;267;295
831;267;326
832;267;461
833;268;294
833;269;294
834;268;327
835;268;436
835;269;436
836;268;462
836;269;462
837;268;464
837;269;464
837;270;464
837;270;463
838;269;328
838;270;328
839;269;433
839;270;433
839;271;433
839;272;433
839;273;433
839;273;434
840;270;293
840;271;293
841;270;435
841;271;435
841;272;435
842;271;329
842;272;329
843;272;292
843;273;292
844;273;330
844;274;330
845;273;818
845;273;819
845;274;819
845;275;819
845;276;819
845;277;819
845;278;819
845;279;819
845;280;819
845;281;819
845;282;819
845;283;819
845;284;819
845;285;819
845;286;819
845;287;819
845;288;819
845;289;819
845;290;819
845;291;819
845;292;819
845;293;819
845;294;819
845;295;819
845;296;819
845;297;819
845;298;819
846;274;291
846;275;291
846;276;291
846;277;291
847;274;817
847;275;817
847;276;817
848;275;331
848;276;331
848;277;331
848;278;331
848;279;331
848;280;331
848;281;331
848;282;331
848;283;331
848;284;331
848;285;331
848;286;331
849;277;816
849;278;816
849;279;816
850;278;290
850;279;290
850;280;290
850;281;290
850;282;290
850;283;290
850;284;290
851;280;815
851;281;815
851;282;815
852;283;814
852;284;814
852;285;814
853;285;291
853;286;291
853;287;291
854;286;813
854;287;813
854;288;813
855;287;330
855;288;330
855;289;330
856;288;292
856;289;292
856;290;292
857;289;812
857;290;812
857;291;812
858;290;329
858;291;329
859;291;293
859;292;293
860;292;328
861;292;811
861;293;811
861;294;811
862;293;294
863;293;327
863;294;327
864;294;295
865;295;296
866;295;326
867;295;810
867;296;810
867;297;810
868;296;297
869;296;325
870;297;298
871;297;323
871;297;324
872;298;299
872;298;300
873;298;322
874;298;809
874;299;809
875;299;301
875;299;302
876;299;320
876;299;321
877;299;818
877;300;818
878;300;303
878;300;304
878;300;305
879;300;317
879;300;318
879;300;319
880;300;807
880;300;808
881;301;306
881;301;307
881;301;308
881;301;309
881;301;310
881;301;311
881;301;312
881;301;313
881;301;314
881;301;315
881;301;316
882;301;805
882;301;806
883;301;819
884;302;803
884;302;804
885;302;820
886;303;802
887;303;821
888;304;800
888;304;801
889;304;822
889;305;822
890;305;798
890;305;799
891;306;796
891;306;797
892;306;823
893;307;795
894;307;824
895;308;793
895;308;794
896;308;812
897;308;825
898;309;791
898;309;792
899;309;807
899;309;808
899;309;809
899;309;810
899;309;811
900;309;813
900;309;814
901;309;826
902;310;789
902;310;790
903;310;802
903;310;803
903;310;804
903;310;805
903;310;806
904;310;815
905;310;827
906;310;894
907;311;787
907;311;788
908;311;797
908;311;798
908;311;799
908;311;800
908;311;801
909;311;816
909;311;817
910;311;828
911;311;893
912;311;895
912;311;896
913;312;785
913;312;786
913;313;785
913;314;785
913;314;786
914;312;792
914;312;793
914;312;794
914;312;795
914;312;796
915;312;818
915;312;819
916;312;829
917;312;894
917;313;894
918;312;897
919;313;787
919;313;788
919;313;789
919;313;790
919;313;791
920;313;820
921;313;830
921;314;830
922;313;898
923;314;821
923;314;822
924;314;895
925;314;899
925;314;900
926;315;823
926;315;824
927;315;831
928;315;896
929;315;901
930;316;825
931;316;832
932;316;897
933;316;902
934;317;826
934;317;827
935;317;833
936;317;898
936;318;898
937;317;903
937;317;904
938;318;828
938;318;829
939;318;834
940;318;905
941;319;830
942;319;835
943;319;899
944;319;906
944;319;907
945;320;831
945;320;832
946;320;836
947;320;900
947;321;900
948;320;908
949;321;833
949;321;834
950;321;837
950;322;837
950;322;836
950;322;835
951;321;909
952;322;901
953;322;910
953;322;911
954;323;902
955;323;912
956;324;548
956;324;549
956;324;550
956;324;551
956;324;552
956;324;553
957;324;903
957;325;903
958;324;913
959;324;935
959;324;936
959;324;937
959;324;938
959;324;939
959;324;940
959;324;941
959;324;942
959;324;943
959;324;944
959;325;944
959;325;943
960;325;544
960;325;545
960;325;546
960;325;547
961;325;554
961;325;555
961;325;556
961;325;557
962;325;914
962;325;915
963;325;926
963;325;927
963;325;928
963;325;929
963;325;930
963;325;931
963;325;932
963;325;933
963;325;934
964;326;541
964;326;542
964;326;543
965;326;558
965;326;559
965;326;560
966;326;904
967;326;916
967;326;917
967;326;918
967;326;919
967;326;920
967;326;921
967;326;922
967;326;923
967;326;924
967;326;925
968;326;940
968;326;941
968;326;942
969;327;540
970;327;561
970;327;562
971;327;905
972;327;938
972;327;939
973;328;538
973;328;539
974;328;563
975;328;906
975;329;906
976;328;936
976;328;937
977;329;537
978;329;564
979;329;934
979;329;935
980;330;536
981;330;565
982;330;907
983;330;931
983;330;932
983;330;933
984;331;535
985;331;566
986;331;908
986;332;908
987;331;929
987;331;930
988;332;534
988;333;534
989;332;567
990;332;927
990;332;928
991;333;568
991;334;568
992;333;909
992;334;909
992;335;909
992;336;909
992;337;909
992;338;909
992;339;909
992;340;909
992;341;909
992;342;909
992;343;909
993;333;925
993;333;926
994;334;533
995;334;922
995;334;923
995;334;924
996;335;532
996;336;532
996;337;532
997;335;569
997;336;569
998;335;920
998;335;921
999;336;159
999;336;160
999;337;159
999;338;159
999;339;159
1000;336;189
1000;336;190
1000;337;190
1000;338;190
1000;339;190
1001;336;919
1002;337;161
1002;338;161
1003;337;188
1003;338;188
1004;337;570
1004;338;570
1004;339;570
1005;337;918
1005;338;918
1005;339;918
1006;338;531
1006;339;531
1006;340;531
1007;339;162
1007;340;162
1008;339;187
1008;340;187
1009;340;160
1009;341;160
1009;342;160
1010;340;189
1010;341;189
1010;342;189
1010;343;189
1011;340;571
1011;341;571
1011;342;571
1011;343;571
1011;344;571
1011;345;571
1011;346;571
1011;347;571
1011;348;571
1011;349;571
1011;350;571
1012;340;917
1012;341;917
1013;341;163
1014;341;186
1014;342;186
1015;341;530
1015;342;530
1015;343;530
1015;344;530
1015;345;530
1015;346;530
1015;347;530
1015;348;530
1016;342;164
1016;343;164
1017;342;916
1017;343;916
1018;343;161
1018;344;161
1018;345;161
1018;346;161
1019;343;185
1020;344;165
1020;345;165
1021;344;184
1021;345;184
1022;344;188
1022;345;188
1022;346;188
1023;344;908
1023;345;908
1023;346;908
1023;347;908
1023;348;908
1023;349;908
1023;350;908
1023;351;908
1023;352;908
1024;344;915
1024;345;915
1025;346;166
1025;347;166
1026;346;183
1026;347;183
1027;346;914
1027;347;914
1027;348;914
1028;347;162
1028;348;162
1028;349;162
1029;347;187
1029;348;187
1029;349;187
1029;350;187
1030;348;167
1031;348;182
1031;349;182
1032;349;168
1032;350;168
1033;349;531
1033;350;531
1033;351;531
1033;352;531
1034;349;913
1034;350;913
1035;350;163
1035;351;163
1035;352;163
1036;350;181
1036;351;181
1037;350;305
1037;350;306
1037;350;307
1037;351;307
1037;351;305
1037;352;305
1037;352;306
1037;353;306
1037;354;306
1037;355;306
1037;356;306
1037;357;306
1037;358;306
1037;359;306
1037;360;306
1038;351;169
1038;352;169
1039;351;186
1039;352;186
1039;353;186
1039;354;186
1040;351;570
1040;352;570
1040;353;570
1041;351;912
1041;352;912
1042;352;180
1042;353;180
1043;353;164
1043;354;164
1043;355;164
1043;356;164
1044;353;170
1045;353;304
1045;354;304
1045;355;304
1046;353;532
1046;354;532
1047;353;907
1047;354;907
1047;355;907
1047;356;907
1047;357;907
1047;358;907
1047;359;907
1047;360;907
1047;360;908
1047;361;908
1047;361;907
1048;353;911
1048;354;911
1048;355;911
1049;354;171
1049;355;171
1050;354;179
1051;354;276
1051;355;276
1051;355;277
1051;356;276
1051;357;276
1052;354;569
1052;355;569
1053;355;178
1053;356;178
1054;355;185
1054;356;185
1054;357;185
1054;358;185
1055;355;533
1055;356;533
1056;356;172
1056;357;172
1057;356;278
1058;356;303
1058;357;303
1059;356;568
1060;356;910
1060;357;910
1061;357;165
1061;358;165
1061;359;165
1061;360;165
1062;357;177
1062;358;177
1063;357;209
1063;357;210
1063;357;211
1063;357;212
1063;358;212
1063;358;211
1064;357;279
1065;357;534
1066;357;567
1066;358;567
1067;358;138
1067;358;139
1067;358;140
1067;358;141
1067;358;142
1067;359;139
1067;359;138
1068;358;173
1068;359;173
1069;358;205
1069;358;206
1069;358;207
1069;358;208
1070;358;277
1070;359;277
1071;358;280
1071;359;280
1072;358;302
1072;359;302
1072;360;302
1073;358;535
1074;358;909
1074;359;909
1075;359;143
1075;359;144
1075;359;145
1075;359;146
1076;359;176
1076;360;176
1077;359;184
1077;360;184
1077;361;184
1077;362;184
1078;359;202
1078;359;203
1078;359;204
1079;359;209
1079;359;210
1080;359;536
1080;360;536
1080;360;537
1081;359;566
1082;360;140
1082;360;141
1083;360;147
1083;360;148
1083;360;149
1084;360;174
1085;360;198
1085;360;199
1085;360;200
1085;360;201
1086;360;208
1087;360;278
1087;361;278
1088;360;281
1089;360;565
1090;361;142
1091;361;150
1091;361;151
1091;361;152
1091;361;153
1092;361;166
1092;362;166
1092;363;166
1093;361;175
1094;361;195
1094;361;196
1094;361;197
1095;361;206
1095;361;207
1096;361;282
1097;361;301
1097;362;301
1097;363;301
1098;361;305
1098;362;305
1098;363;305
1098;364;305
1098;365;305
1098;366;305
1098;367;305
1098;368;305
1098;369;305
1099;361;538
1100;361;563
1100;361;564
1101;362;143
1101;362;144
1102;362;154
1102;362;155
1102;362;156
1102;362;157
1103;362;191
1103;362;192
1103;362;193
1103;362;194
1104;362;204
1104;362;205
1105;362;279
1105;363;279
1106;362;283
1107;362;539
1107;362;540
1108;362;562
1109;363;145
1109;363;146
1110;363;158
1110;363;159
1110;363;160
1110;363;161
1111;363;183
1112;363;188
1112;363;189
1112;363;190
1113;363;203
1114;363;284
1114;364;284
1115;363;541
1115;363;542
1116;363;560
1116;363;561
1117;364;147
1117;364;148
1118;364;162
1118;364;163
1118;364;164
1119;364;167
1120;364;184
1120;364;185
1120;364;186
1120;364;187
1121;364;201
1121;364;202
1122;364;280
1122;365;280
1122;366;280
1123;364;300
1123;365;300
1124;364;543
1124;364;544
1125;364;557
1125;364;558
1125;364;559
1126;365;149
1126;365;150
1127;365;165
1127;365;166
1128;365;199
1128;365;200
1129;365;285
1130;365;545
1130;365;546
1130;365;547
1130;365;548
1130;365;549
1130;365;550
1130;365;551
1130;365;552
1130;365;553
1130;365;554
1130;365;555
1130;365;556
1131;366;151
1132;366;197
1132;366;198
1133;366;286
1134;366;299
1134;367;299
1134;368;299
1135;367;152
1135;367;153
1136;367;196
1137;367;281
1137;368;281
1138;367;287
1139;367;330
1139;367;331
1139;368;331
1139;369;331
1139;369;330
1140;368;154
1140;368;155
1141;368;194
1141;368;195
1142;368;288
1142;369;288
1143;368;328
1143;368;329
1144;369;156
1144;369;157
1145;369;192
1145;369;193
1146;369;282
1146;370;282
1147;369;298
1147;370;298
1147;371;298
1148;369;326
1148;369;327
1149;370;158
1149;370;159
1150;370;191
1151;370;289
1152;370;304
1152;371;304
1152;372;304
1152;373;304
1152;374;304
1152;375;304
1152;376;304
1152;377;304
1152;378;304
1153;370;324
1153;370;325
1154;370;329
1155;371;160
1155;371;161
1156;371;189
1156;371;190
1157;371;283
1157;372;283
1158;371;290
1159;371;322
1159;371;323
1160;371;328
1161;372;162
1162;372;188
1163;372;291
1164;372;297
1164;373;297
1165;372;320
1165;372;321
1166;372;327
1167;373;163
1168;373;187
1169;373;284
1169;374;284
1170;373;292
1170;374;292
1171;373;317
1171;373;318
1171;373;319
1172;373;325
1172;373;326
1173;374;161
1173;374;162
1174;374;188
1174;374;189
1175;374;296
1175;375;296
1175;376;296
1176;374;315
1176;374;316
1177;374;324
1178;375;160
1179;375;190
1179;375;191
1180;375;285
1180;376;285
1180;377;285
1181;375;293
1182;375;313
1182;375;314
1183;375;323
1184;376;158
1184;376;159
1185;376;192
1185;376;193
1186;376;294
1187;376;311
1187;376;312
1188;376;322
1189;377;156
1189;377;157
1190;377;194
1190;377;195
1191;377;295
1192;377;309
1192;377;310
1193;377;320
1193;377;321
1194;378;155
1195;378;196
1196;378;286
1196;379;286
1197;378;306
1197;378;307
1197;378;308
1198;378;319
1199;379;153
1199;379;154
1200;379;197
1200;379;198
1201;379;258
1201;379;259
1201;379;260
1201;379;261
1201;379;262
1201;379;263
1201;380;259
1201;380;258
1202;379;305
1203;379;318
1204;380;151
1204;380;152
1205;380;199
1205;380;200
1206;380;264
1206;380;265
1206;380;266
1206;380;267
1206;380;268
1206;380;269
1206;380;270
1206;380;271
1206;380;272
1207;380;287
1207;381;287
1208;380;317
1209;381;149
1209;381;150
1210;381;165
1210;381;166
1211;381;184
1211;381;185
1211;381;186
1212;381;201
1212;381;202
1213;381;260
1213;381;261
1214;381;273
1214;381;274
1214;381;275
1214;381;276
1214;381;277
1214;381;278
1214;381;279
1214;381;280
1214;381;281
1215;381;315
1215;381;316
1216;382;148
1217;382;162
1217;382;163
1217;382;164
1218;382;167
1218;383;167
1219;382;183
1220;382;187
1220;382;188
1220;382;189
1220;382;190
1221;382;203
1221;382;204
1222;382;262
1222;382;263
1222;382;264
1223;382;282
1223;382;283
1223;382;284
1223;382;285
1223;382;286
1224;382;314
1225;383;146
1225;383;147
1226;383;158
1226;383;159
1226;383;160
1226;383;161
1227;383;184
1227;384;184
1227;385;184
1227;386;184
1228;383;191
1228;383;192
1228;383;193
1229;383;205
1230;383;265
1230;383;266
1230;383;267
1231;383;313
1232;384;144
1232;384;145
1233;384;155
1233;384;156
1233;384;157
1234;384;166
1234;385;166
1234;386;166
1234;387;166
1235;384;194
1235;384;195
1235;384;196
1235;384;197
1236;384;206
1236;384;207
1237;384;268
1237;384;269
1237;384;270
1238;384;312
1239;385;143
1240;385;151
1240;385;152
1240;385;153
1240;385;154
1241;385;175
1242;385;198
1242;385;199
1242;385;200
1242;385;201
1243;385;208
1243;385;209
1244;385;271
1244;385;272
1245;385;310
1245;385;311
1246;386;141
1246;386;142
1247;386;148
1247;386;149
1247;386;150
1248;386;174
1248;387;174
1249;386;176
1250;386;202
1250;386;203
1250;386;204
1250;386;205
1251;386;210
1251;386;211
1252;386;273
1252;386;274
1252;386;275
1253;386;309
1253;387;309
1254;387;139
1254;387;140
1255;387;145
1255;387;146
1255;387;147
1256;387;177
1256;388;177
1257;387;185
1257;388;185
1257;389;185
1258;387;206
1258;387;207
1258;387;208
1258;387;209
1259;387;212
1259;388;212
1259;388;211
1259;388;210
1260;387;276
1260;387;277
1260;387;278
1261;388;138
1261;389;138
1261;389;139
1261;389;140
1262;388;141
1262;388;142
1262;388;143
1262;388;144
1263;388;165
1263;389;165
1263;390;165
1264;388;173
1265;388;279
1265;388;280
1266;388;310
1266;388;311
1266;388;312
1267;389;172
1267;390;172
1268;389;178
1269;389;281
1269;389;282
1269;389;283
1270;389;313
1270;389;314
1270;389;315
1271;390;179
1271;391;179
1272;390;186
1272;391;186
1272;392;186
1273;390;284
1274;390;316
1274;390;317
1275;391;164
1275;392;164
1275;393;164
1275;394;164
1276;391;171
1276;392;171
1277;391;285
1278;391;318
1278;391;319
1278;391;320
1279;392;180
1279;393;180
1280;392;283
1280;392;284
1281;392;321
1281;392;322
1281;392;323
1282;393;170
1282;394;170
1283;393;187
1283;394;187
1283;395;187
1283;396;187
1284;393;282
1285;393;324
1285;393;325
1286;394;181
1286;395;181
1287;394;281
1288;394;326
1288;394;327
1288;394;328
1289;395;163
1289;396;163
1289;397;163
1289;398;163
1290;395;169
1290;396;169
1291;395;280
1292;395;307
1292;395;308
1292;395;309
1293;395;329
1293;395;330
1294;396;182
1295;396;279
1296;396;306
1297;396;310
1297;396;311
1297;396;312
1297;396;313
1297;396;314
1297;396;315
1297;396;316
1297;396;317
1298;396;331
1298;396;332
1298;396;333
1299;397;168
1300;397;183
1300;398;183
1301;397;188
1301;398;188
1301;399;188
1302;397;277
1302;397;278
1303;397;307
1303;398;307
1304;397;318
1304;397;319
1304;397;320
1304;397;321
1304;397;322
1304;397;323
1304;397;324
1304;397;325
1304;397;326
1305;397;334
1305;397;335
1305;397;336
1305;398;336
1305;398;335
1305;398;334
1305;398;333
1305;398;332
1305;398;331
1305;398;330
1305;398;329
1305;398;328
1305;398;327
1306;398;167
1306;399;167
1307;398;276
1308;398;289
1309;399;162
1309;400;162
1309;401;162
1309;402;162
1310;399;184
1310;400;184
1311;399;275
1312;399;287
1312;399;288
1313;399;290
1313;400;290
1313;401;290
1313;402;290
1313;403;290
1313;404;290
1313;405;290
1314;399;308
1314;400;308
1315;400;166
1315;401;166
1316;400;189
1316;401;189
1316;402;189
1316;403;189
1317;400;274
1318;400;285
1318;400;286
1319;400;299
1320;401;185
1321;401;272
1321;401;273
1322;401;283
1322;401;284
1323;401;298
1323;402;298
1324;401;300
1324;402;300
1325;401;309
1325;402;309
1325;403;309
1326;402;165
1326;403;165
1327;402;186
1327;403;186
1328;402;271
1329;402;281
1329;402;282
1330;403;161
1330;404;161
1330;405;161
1330;406;161
1331;403;270
1332;403;278
1332;403;279
1332;403;280
1333;403;297
1333;404;297
1333;405;297
1334;403;301
1335;404;164
1335;405;164
1336;404;187
1336;405;187
1337;404;190
1337;405;190
1337;406;190
1338;404;268
1338;404;269
1339;404;276
1339;404;277
1340;404;302
1341;404;310
1341;405;310
1342;405;267
1343;405;274
1343;405;275
1344;405;303
1345;406;163
1345;407;163
1346;406;188
1346;407;188
1347;406;266
1348;406;272
1348;406;273
1349;406;289
1349;407;289
1349;408;289
1349;409;289
1349;410;289
1349;411;289
1349;412;289
1349;413;289
1349;414;289
1350;406;296
1350;407;296
1350;408;296
1351;406;304
1351;407;304
1352;406;311
1352;407;311
1353;407;160
1353;408;160
1353;409;160
1353;409;161
1353;410;161
1353;410;160
1354;407;191
1354;408;191
1354;409;191
1354;409;190
1354;410;190
1354;410;191
1355;407;265
1356;407;270
1356;407;271
1357;408;162
1358;408;189
1359;408;263
1359;408;264
1360;408;267
1360;408;268
1360;408;269
1361;408;305
1362;408;312
1362;409;312
1363;409;262
1364;409;265
1364;409;266
1365;409;295
1365;410;295
1366;409;306
1367;410;263
1367;410;264
1368;410;307
1368;411;307
1369;410;313
1369;411;313
1370;411;294
1370;412;294
1370;413;294
1371;412;308
1372;412;314
1372;413;314
1372;414;314
1373;413;309
1374;414;293
1374;415;293
1374;416;293
1375;414;310
1376;415;288
1376;416;288
1376;417;288
1376;418;288
1376;419;288
1376;420;288
1376;421;288
1376;422;288
1376;423;288
1377;415;311
1377;416;311
1378;415;315
1378;416;315
1379;417;292
1379;418;292
1380;417;312
1381;417;316
1381;418;316
1382;418;313
1383;419;291
1383;420;291
1383;421;291
1384;419;314
1385;419;317
1385;420;317
1386;420;315
1386;421;315
1387;421;318
1387;422;318
1387;423;318
1387;423;317
1388;422;290
1388;423;290
1388;424;290
1389;422;316
1390;424;287
1390;425;287
1390;426;287
1390;427;287
1390;427;288
1390;428;288
1390;428;287
1391;425;289
1391;426;289
1392;455;896
1392;455;897
1392;455;898
1392;455;899
1392;455;900
1392;455;901
1392;455;902
1392;455;903
1392;455;904
1393;456;893
1393;456;894
1393;456;895
1394;456;905
1394;456;906
1394;456;907
1394;456;908
1395;457;890
1395;457;891
1395;457;892
1396;457;909
1396;457;910
1397;458;889
1398;458;911
1398;458;912
1399;459;887
1399;459;888
1400;459;913
1401;460;456
1401;460;457
1401;461;456
1402;460;886
1403;460;914
1404;461;458
1404;461;459
1405;461;885
1406;461;915
1407;462;457
1408;462;460
1408;462;461
1409;462;884
1409;463;884
1410;462;916
1411;463;458
1412;463;462
1412;463;463
1412;463;464
1413;463;917
1413;464;917
1414;464;459
1415;464;465
1415;464;466
1416;464;507
1416;464;508
1416;465;508
1416;466;508
1416;466;507
1417;464;883
1418;465;460
1419;465;467
1419;465;468
1420;465;504
1420;465;505
1420;465;506
1421;465;882
1421;466;882
1422;465;918
1423;466;461
1424;466;469
1424;466;470
1425;466;500
1425;466;501
1425;466;502
1425;466;503
1426;466;919
1426;467;919
1426;468;919
1427;467;462
1428;467;471
1428;467;472
1429;467;497
1429;467;498
1429;467;499
1430;467;506
1431;467;881
1431;468;881
1431;469;881
1432;468;463
1433;468;473
1433;468;474
1434;468;494
1434;468;495
1434;468;496
1435;468;504
1435;468;505
1436;469;464
1437;469;475
1437;469;476
1438;469;490
1438;469;491
1438;469;492
1438;469;493
1439;469;503
1440;469;920
1440;470;920
1440;471;920
1440;472;920
1441;470;465
1442;470;477
1442;470;478
1443;470;487
1443;470;488
1443;470;489
1444;470;501
1444;470;502
1445;470;880
1445;471;880
1445;472;880
1445;473;880
1445;474;880
1445;475;880
1445;476;880
1445;477;880
1445;478;880
1445;479;880
1445;480;880
1445;481;880
1446;471;466
1447;471;479
1447;471;480
1448;471;483
1448;471;484
1448;471;485
1448;471;486
1449;471;500
1450;472;467
1451;472;481
1451;472;482
1452;472;498
1452;472;499
1453;473;468
1454;473;497
1455;473;921
1455;474;921
1455;475;921
1455;476;921
1455;477;921
1455;478;921
1456;474;469
1457;474;495
1457;474;496
1458;475;470
1459;475;494
1460;476;471
1461;476;493
1462;477;472
1462;477;473
1463;477;491
1463;477;492
1464;478;474
1465;478;489
1465;478;490
1466;479;475
1467;479;488
1468;479;920
1468;480;920
1468;481;920
1468;482;920
1469;480;476
1469;481;476
1469;482;476
1469;483;476
1469;484;476
1469;485;476
1469;486;476
1469;487;476
1470;480;487
1471;481;486
1472;482;485
1472;483;485
1472;484;485
1472;485;485
1473;482;881
1473;483;881
1473;484;881
1474;483;919
1474;484;919
1474;485;919
1475;485;882
1475;486;882
1476;486;484
1476;487;484
1476;488;484
1476;489;484
1477;486;918
1478;487;883
1479;487;917
1479;488;917
1480;488;477
1480;489;477
1480;490;477
1480;491;477
1480;492;477
1480;493;477
1480;494;477
1480;495;477
1480;496;477
1480;497;477
1480;498;477
1480;499;477
1480;500;477
1481;488;884
1481;489;884
1482;489;916
1483;490;483
1483;491;483
1483;492;483
1483;493;483
1484;490;885
1485;490;915
1486;491;886
1486;491;887
1487;491;914
1488;492;888
1489;492;912
1489;492;913
1490;493;889
1490;493;890
1491;493;911
1492;494;482
1492;495;482
1492;496;482
1492;497;482
1493;494;891
1493;494;892
1494;494;909
1494;494;910
1495;495;893
1495;495;894
1495;495;895
1496;495;905
1496;495;906
1496;495;907
1496;495;908
1497;496;896
1497;496;897
1497;496;898
1497;496;899
1497;496;900
1497;496;901
1497;496;902
1497;496;903
1497;496;904
1498;498;481
1498;499;481
1498;500;481
1498;501;481
1499;501;478
1499;502;478
1499;503;478
1499;504;478
1499;505;478
1499;506;478
1499;506;479
1499;507;479
1499;507;478
1500;502;480
1500;503;480
1500;504;480
1500;505;480
1501;521;619
1501;521;620
1501;522;620
1501;523;620
1501;524;620
1501;525;620
1501;522;619
1502;523;618
1502;524;618
1502;525;618
1502;526;618
1502;527;618
1502;528;618
1502;529;618
1502;530;618
1502;531;618
1502;532;618
1502;533;618
1502;534;618
1502;535;618
1502;536;618
1502;537;618
1502;538;618
1503;526;621
1503;527;621
1503;528;621
1503;529;621
1503;530;621
1503;531;621
1504;531;647
1504;531;648
1504;532;648
1504;533;648
1505;532;622
1505;533;622
1505;534;622
1505;535;622
1505;536;622
1506;532;646
1507;533;645
1508;534;592
1509;534;644
1510;534;647
1511;535;591
1512;535;593
1513;535;643
1514;535;646
1514;536;646
1515;536;592
1515;537;592
1516;536;594
1516;536;595
1517;536;641
1517;536;642
1518;537;596
1519;537;623
1519;538;623
1519;539;623
1519;540;623
1519;541;623
1519;542;623
1520;537;640
1521;537;645
1522;538;593
1523;538;597
1523;538;598
1524;538;639
1525;538;644
1525;539;644
1526;539;594
1527;539;599
1528;539;617
1528;540;617
1528;541;617
1528;542;617
1528;543;617
1528;544;617
1528;545;617
1528;546;617
1528;547;617
1528;548;617
1528;549;617
1528;550;617
1529;539;638
1530;540;595
1531;540;600
1531;540;601
1532;540;637
1533;540;643
1534;541;596
1535;541;602
1536;541;636
1537;541;642
1537;542;642
1538;542;597
1539;542;603
1539;542;604
1540;542;635
1541;543;598
1542;543;605
1543;543;624
1543;544;624
1543;545;624
1543;546;624
1543;547;624
1544;543;634
1545;543;641
1546;544;599
1546;545;599
1547;544;606
1547;544;607
1548;544;632
1548;544;633
1549;544;640
1549;545;640
1550;544;763
1550;544;764
1550;544;765
1550;544;766
1550;544;767
1550;544;768
1550;544;769
1550;544;770
1550;544;771
1551;545;608
1552;545;631
1553;545;759
1553;545;760
1553;545;761
1553;545;762
1554;545;772
1554;545;773
1554;545;774
1555;546;600
1556;546;609
1557;546;630
1558;546;639
1559;546;757
1559;546;758
1560;546;775
1560;546;776
1561;547;601
1562;547;610
1562;547;611
1563;547;629
1564;547;638
1564;548;638
1565;547;756
1566;547;777
1566;547;778
1567;548;602
1568;548;612
1569;548;625
1569;549;625
1570;548;628
1571;548;754
1571;548;755
1572;548;779
1573;549;603
1574;549;613
1574;549;614
1575;549;627
1576;549;637
1577;549;753
1578;549;780
1578;549;781
1579;550;604
1580;550;615
1581;550;626
1582;550;636
1583;550;752
1584;550;782
1584;551;782
1585;551;605
1586;551;616
1587;551;635
1587;552;635
1588;551;751
1589;552;606
1590;552;750
1590;553;750
1591;552;783
1592;553;607
1592;554;607
1593;553;634
1594;553;784
1595;554;633
1595;555;633
1596;554;749
1596;555;749
1597;554;785
1597;555;785
1598;555;608
1599;556;609
1600;556;632
1601;556;748
1601;557;748
1602;556;786
1602;557;786
1602;558;786
1603;557;610
1604;557;633
1604;557;634
1604;557;635
1604;557;636
1604;557;637
1604;557;638
1604;557;639
1604;557;640
1604;557;641
1604;557;642
1604;557;643
1604;557;644
1604;557;645
1604;557;646
1604;557;647
1604;557;648
1605;558;607
1605;558;608
1605;558;609
1606;558;649
1606;558;650
1606;558;651
1606;558;652
1606;558;653
1606;558;654
1606;558;655
1606;558;656
1606;558;657
1606;558;658
1606;558;659
1606;558;660
1606;558;661
1606;558;662
1606;559;662
1607;558;747
1607;559;747
1607;560;747
1607;561;747
1607;562;747
1608;559;602
1608;559;603
1608;559;604
1608;559;605
1608;559;606
1609;559;787
1609;560;787
1609;561;787
1609;562;787
1609;563;787
1609;564;787
1609;565;787
1609;566;787
1609;567;787
1609;568;787
1609;569;787
1609;570;787
1610;560;112
1610;560;113
1610;560;114
1610;561;114
1610;561;112
1611;560;597
1611;560;598
1611;560;599
1611;560;600
1611;560;601
1612;560;656
1612;560;657
1612;560;658
1612;560;659
1612;560;660
1612;560;661
1613;561;592
1613;561;593
1613;561;594
1613;561;595
1613;561;596
1614;561;651
1614;561;652
1614;561;653
1614;561;654
1614;561;655
1615;562;111
1615;563;111
1616;562;113
1616;563;113
1616;564;113
1616;565;113
1617;562;586
1617;562;587
1617;562;588
1617;562;589
1617;562;590
1617;562;591
1618;562;645
1618;562;646
1618;562;647
1618;562;648
1618;562;649
1618;562;650
1619;563;582
1619;563;583
1619;563;584
1619;563;585
1619;564;585
1619;564;584
1619;564;583
1619;564;582
1620;563;640
1620;563;641
1620;563;642
1620;563;643
1620;563;644
1621;563;746
1621;564;746
1621;565;746
1621;566;746
1622;564;110
1622;565;110
1623;564;635
1623;564;636
1623;564;637
1623;564;638
1623;564;639
1624;565;586
1624;565;587
1624;565;588
1624;565;589
1624;565;590
1624;565;591
1624;565;592
1624;565;593
1624;565;594
1624;565;595
1624;565;596
1624;565;597
1624;565;598
1624;565;599
1624;565;600
1624;565;601
1625;565;634
1626;566;109
1626;567;109
1627;566;112
1627;567;112
1627;568;112
1627;569;112
1627;570;112
1628;566;602
1628;566;603
1628;566;604
1628;566;605
1628;566;606
1628;566;607
1628;566;608
1628;566;609
1628;566;610
1629;566;633
1630;567;611
1631;567;634
1632;567;747
1632;568;747
1632;569;747
1632;570;747
1632;571;747
1633;568;108
1634;568;610
1635;568;635
1636;569;107
1636;570;107
1637;569;609
1637;570;609
1638;569;636
1639;570;637
1640;571;106
1640;572;106
1641;571;111
1641;572;111
1641;573;111
1641;574;111
1641;575;111
1642;571;608
1643;571;638
1644;571;786
1644;572;786
1644;573;786
1645;572;607
1645;573;607
1646;572;627
1647;572;639
1647;573;639
1648;572;748
1648;573;748
1649;573;105
1650;573;617
1651;573;626
1651;574;626
1651;575;626
1651;576;626
1651;577;626
1651;578;626
1651;579;626
1651;580;626
1651;581;626
1651;582;626
1651;583;626
1651;584;626
1651;585;626
1651;586;626
1652;573;628
1652;573;629
1653;574;104
1653;575;104
1654;574;606
1655;574;616
1656;574;618
1657;574;630
1658;574;640
1659;574;749
1659;575;749
1660;574;785
1660;575;785
1661;575;605
1661;576;605
1662;575;615
1663;575;619
1663;576;619
1663;577;619
1663;578;619
1663;579;619
1664;575;631
1664;575;632
1665;575;641
1666;576;103
1666;577;103
1667;576;110
1667;577;110
1667;578;110
1667;579;110
1667;580;110
1668;576;614
1669;576;633
1670;576;642
1671;576;750
1671;577;750
1672;576;784
1673;577;604
1674;577;612
1674;577;613
1675;577;634
1675;577;635
1676;577;643
1677;577;783
1677;578;783
1678;578;102
1678;579;102
1679;578;603
1679;579;603
1680;578;611
1681;578;636
1682;578;644
1683;578;751
1684;579;610
1685;579;637
1685;579;638
1686;579;645
1687;579;752
1688;579;782
1689;580;101
1689;581;101
1690;580;602
1691;580;609
1692;580;620
1692;581;620
1692;582;620
1692;583;620
1692;584;620
1692;585;620
1693;580;639
1694;580;646
1695;580;753
1696;580;781
1697;581;109
1697;582;109
1697;583;109
1697;584;109
1697;585;109
1698;581;601
1698;582;601
1699;581;608
1700;581;640
1700;581;641
1701;581;647
1701;582;647
1702;581;754
1702;581;755
1703;581;779
1703;581;780
1704;582;100
1705;582;607
1706;582;642
1707;582;756
1708;582;778
1709;583;99
1710;583;600
1711;583;606
1712;583;643
1713;583;648
1714;583;757
1714;583;758
1715;583;775
1715;583;776
1715;583;777
1716;584;98
1717;584;599
1718;584;604
1718;584;605
1719;584;644
1719;584;645
1720;584;649
1721;584;759
1721;584;760
1721;584;761
1722;584;772
1722;584;773
1722;584;774
1723;585;95
1723;585;96
1723;585;97
1724;585;598
1724;586;598
1725;585;603
1726;585;646
1726;585;647
1727;585;650
1728;585;762
1728;585;763
1728;585;764
1728;585;765
1728;585;766
1728;585;767
1728;585;768
1728;585;769
1728;585;770
1728;585;771
1729;586;92
1729;586;93
1729;586;94
1730;586;108
1730;587;108
1730;588;108
1731;586;602
1732;586;621
1732;587;621
1732;588;621
1732;589;621
1732;590;621
1733;586;648
1734;586;651
1735;587;89
1735;587;90
1735;587;91
1736;587;597
1736;588;597
1737;587;601
1738;587;625
1738;588;625
1738;589;625
1738;590;625
1738;591;625
1738;592;625
1738;593;625
1738;594;625
1738;595;625
1738;596;625
1738;597;625
1738;598;625
1738;599;625
1738;600;625
1738;601;625
1738;601;624
1738;601;623
1738;600;623
1738;599;623
1738;598;623
1738;597;623
1739;587;649
1740;587;652
1740;588;652
1740;588;651
1740;588;650
1741;588;86
1741;588;87
1741;588;88
1742;588;600
1743;589;83
1743;589;84
1743;589;85
1744;589;109
1745;589;596
1746;589;599
1747;590;80
1747;590;81
1747;590;82
1748;590;110
1748;591;110
1749;590;595
1749;591;595
1749;591;596
1749;591;597
1749;592;595
1750;590;598
1751;591;77
1751;591;78
1751;591;79
1752;591;622
1752;592;622
1752;593;622
1752;594;622
1752;595;622
1752;596;622
1753;592;74
1753;592;75
1753;592;76
1754;592;111
1754;593;111
1755;593;73
1755;594;73
1755;594;74
1755;594;75
1755;594;76
1755;594;77
1755;594;78
1755;594;79
1755;594;80
1755;594;81
1755;594;82
1755;594;83
1755;594;84
1755;594;85
1755;594;86
1755;594;87
1755;594;88
1755;594;89
1755;594;90
1755;594;91
1755;594;92
1755;594;93
1755;594;94
1755;594;95
1755;594;96
1755;594;97
1755;594;98
1755;594;99
1755;594;100
1755;594;101
1756;594;112
1757;595;102
1758;595;113
1758;596;113
1759;596;103
1760;597;104
1761;597;114
1761;598;114
1762;598;105
1763;599;106
1764;599;115
1764;600;115
1765;600;107
1766;601;108
1766;601;109
1767;601;116
1768;602;110
1769;602;117
1769;603;117
1770;603;111
1771;604;112
1772;604;118
1772;605;118
1773;605;113
1774;606;114
1775;606;119
1776;607;115
1777;607;120
1777;608;120
1778;608;116
1779;608;835
1779;608;836
1779;609;836
1779;610;836
1779;610;835
1779;611;835
1779;609;835
1780;609;117
1781;609;121
1781;610;121
1782;610;118
1782;610;119
1783;611;120
1784;611;122
1784;612;122
1784;612;121
1785;611;837
1785;612;837
1785;613;837
1785;614;837
1786;612;834
1786;613;834
1786;614;834
1786;615;834
1786;616;834
1786;617;834
1786;618;834
1786;619;834
1786;620;834
1787;615;838
1787;616;838
1787;617;838
1787;618;838
1787;619;838
1788;620;839
1788;621;839
1788;622;839
1788;623;839
1788;624;839
1789;621;833
1789;622;833
1789;623;833
1789;624;833
1789;625;833
1789;626;833
1789;627;833
1789;628;833
1790;625;840
1790;626;840
1790;627;840
1790;628;840
1790;629;840
1791;629;832
1791;630;832
1791;631;832
1791;632;832
1791;633;832
1791;634;832
1792;630;841
1792;631;841
1792;632;841
1792;633;841
1792;634;841
1793;635;831
1794;635;842
1795;636;830
1796;636;843
1796;636;844
1797;637;829
1798;637;845
1799;638;828
1800;638;846
1801;639;827
1802;639;847
1802;639;848
1803;640;826
1804;640;849
1805;641;825
1806;641;850
1806;641;851
1807;642;823
1807;642;824
1808;642;852
1809;643;822
1810;643;837
1811;643;853
1812;644;821
1813;644;835
1813;644;836
1814;644;838
1814;644;839
1814;644;840
1815;644;854
1815;644;855
1816;645;820
1817;645;833
1817;645;834
1818;645;841
1818;645;842
1818;645;843
1819;645;856
1820;646;819
1821;646;830
1821;646;831
1821;646;832
1822;646;844
1822;646;845
1822;646;846
1823;646;857
1824;647;818
1825;647;828
1825;647;829
1826;647;847
1826;647;848
1826;647;849
1827;647;858
1827;647;859
1828;648;817
1829;648;826
1829;648;827
1830;648;850
1830;648;851
1830;648;852
1831;648;860
1832;649;816
1833;649;823
1833;649;824
1833;649;825
1834;649;853
1834;649;854
1834;649;855
1835;649;861
1836;650;814
1836;650;815
1837;650;821
1837;650;822
1838;650;856
1838;650;857
1838;650;858
1839;650;862
1839;650;863
1840;651;813
1841;651;819
1841;651;820
1842;651;859
1842;651;860
1842;651;861
1843;651;864
1844;652;812
1845;652;816
1845;652;817
1845;652;818
1846;652;862
1846;652;863
1847;653;811
1847;654;811
1847;654;812
1847;654;813
1848;653;814
1848;653;815
1849;660;174
1849;660;175
1849;660;176
1849;660;177
1849;660;178
1849;660;179
1849;660;180
1849;660;181
1849;660;182
1849;660;183
1849;660;184
1849;660;185
1849;660;186
1850;661;171
1850;661;172
1850;661;173
1851;661;187
1851;661;188
1851;661;189
1852;662;170
1853;662;190
1853;662;191
1854;663;168
1854;663;169
1855;663;192
1856;664;167
1857;664;193
1858;665;166
1859;665;194
1859;665;195
1860;666;165
1861;666;196
1861;667;196
1862;667;164
1863;668;163
1863;669;163
1864;668;197
1865;668;803
1865;668;804
1865;669;803
1866;669;198
1866;670;198
1867;669;805
1868;670;162
1868;671;162
1869;670;804
1869;671;804
1869;672;804
1870;670;806
1871;671;199
1871;672;199
1872;671;807
1873;672;161
1873;673;161
1873;674;161
1874;672;808
1874;673;808
1875;673;200
1875;674;200
1875;675;200
1875;676;200
1875;677;200
1876;673;805
1876;674;805
1876;675;805
1877;674;809
1878;675;160
1878;676;160
1878;677;160
1878;678;160
1878;679;160
1878;680;160
1878;681;160
1878;682;160
1878;683;160
1878;684;160
1878;685;160
1879;675;810
1880;676;806
1880;677;806
1881;676;811
1882;677;812
1883;678;201
1883;679;201
1883;680;201
1883;681;201
1883;682;201
1884;678;807
1884;679;807
1884;680;807
1885;678;813
1885;679;813
1886;680;814
1887;681;808
1887;682;808
1888;681;815
1889;682;816
1890;683;200
1890;684;200
1890;685;200
1890;686;200
1890;687;200
1891;683;809
1891;684;809
1891;685;809
1892;683;817
1893;684;818
1893;685;818
1894;686;161
1894;687;161
1894;688;161
1895;686;810
1895;687;810
1896;686;819
1897;687;820
1898;688;199
1898;689;199
1899;688;811
1899;689;811
1899;690;811
1900;688;821
1901;689;162
1901;690;162
1902;689;822
1902;689;823
1903;690;198
1903;691;198
1904;690;824
1904;690;825
1904;690;826
1904;690;827
1904;690;828
1904;690;829
1904;690;830
1905;691;163
1905;692;163
1906;691;812
1906;692;812
1907;691;831
1907;691;832
1907;691;833
1907;691;834
1907;691;835
1907;691;836
1907;691;837
1908;692;197
1909;692;838
1909;692;839
1909;692;840
1909;692;841
1909;692;842
1909;692;843
1909;692;844
1910;693;164
1911;693;196
1911;694;196
1911;694;195
1912;693;813
1912;694;813
1912;695;813
1913;693;845
1913;693;846
1913;693;847
1913;693;848
1913;693;849
1913;694;849
1913;694;848
1914;694;165
1915;695;166
1916;695;194
1916;696;194
1916;696;193
1917;695;841
1917;695;842
1917;695;843
1917;695;844
1917;695;845
1917;695;846
1917;695;847
1918;696;167
1919;696;812
1919;697;812
1919;698;812
1920;696;836
1920;696;837
1920;696;838
1920;696;839
1920;696;840
1921;697;168
1921;697;169
1922;697;192
1923;697;830
1923;697;831
1923;697;832
1923;697;833
1923;697;834
1923;697;835
1924;698;170
1924;698;171
1925;698;190
1925;698;191
1926;698;824
1926;698;825
1926;698;826
1926;698;827
1926;698;828
1926;698;829
1927;699;172
1927;699;173
1928;699;187
1928;699;188
1928;699;189
1929;699;811
1929;700;811
1929;701;811
1930;699;822
1930;699;823
1931;700;174
1931;700;175
1931;700;176
1931;700;177
1931;700;178
1931;700;179
1931;700;180
1931;700;181
1931;700;182
1931;700;183
1931;700;184
1931;700;185
1931;700;186
1932;700;821
1933;701;820
1934;702;810
1934;703;810
1935;702;819
1935;703;819
1936;704;809
1936;705;809
1936;706;809
1937;704;818
1938;705;817
1939;706;816
1940;707;808
1940;708;808
1941;707;815
1941;708;815
1942;709;807
1942;710;807
1942;711;807
1943;709;814
1944;710;813
1945;711;812
1946;712;806
1946;713;806
1946;714;806
1947;712;811
1947;713;811
1948;714;810
1949;715;805
1949;716;805
1950;715;809
1951;716;808
1952;717;804
1952;718;804
1952;719;804
1952;720;804
1952;720;805
1953;717;807
1953;718;807
1954;719;806
1955;734;547
1955;734;548
1955;735;547
1956;735;549
1956;736;549
1956;736;548
1956;737;548
1956;738;548
1956;739;548
1957;735;578
1957;735;579
1957;736;579
1958;736;577
1959;737;550
1960;737;576
1960;738;576
1961;737;578
1961;738;578
1961;739;578
1962;738;551
1962;739;551
1963;739;246
1963;740;246
1963;740;247
1963;741;247
1963;742;247
1963;743;247
1963;744;247
1964;739;575
1964;740;575
1965;740;549
1965;741;549
1965;742;549
1965;743;549
1966;740;552
1966;741;552
1967;740;577
1967;741;577
1967;742;577
1967;743;577
1968;741;245
1968;742;245
1968;743;245
1969;741;574
1970;742;553
1970;743;553
1971;742;573
1971;743;573
1972;744;244
1972;745;244
1972;746;244
1973;744;550
1973;745;550
1973;746;550
1973;747;550
1973;748;550
1974;744;554
1974;745;554
1975;744;572
1976;744;576
1976;745;576
1976;746;576
1977;745;216
1977;745;217
1977;746;216
1977;747;216
1978;745;246
1978;746;246
1978;747;246
1978;748;246
1978;749;246
1978;750;246
1978;751;246
1978;752;246
1978;753;246
1978;754;246
1978;755;246
1978;756;246
1979;745;571
1979;746;571
1980;746;218
1981;746;555
1981;747;555
1982;747;219
1983;747;243
1983;748;243
1983;749;243
1984;747;570
1984;748;570
1985;747;575
1985;748;575
1985;749;575
1986;748;217
1986;749;217
1987;748;220
1988;748;556
1988;749;556
1989;749;221
1989;750;221
1990;749;551
1990;750;551
1990;751;551
1990;752;551
1991;749;569
1991;750;569
1992;750;218
1992;751;218
1993;750;242
1993;751;242
1993;752;242
1994;750;557
1994;751;557
1995;750;574
1995;751;574
1995;752;574
1996;751;222
1997;751;568
1998;752;219
1998;753;219
1999;752;223
2000;752;558
2000;753;558
2001;752;567
2001;753;567
2002;753;224
2003;753;241
2003;754;241
2004;753;552
2004;754;552
2004;755;552
2004;756;552
2005;753;573
2005;754;573
2005;755;573
2005;756;573
2006;754;220
2006;755;220
2007;754;225
2008;754;338
2008;754;339
2008;755;338
2008;756;338
2008;757;338
2009;754;559
2010;754;566
2011;755;226
2011;756;226
2012;755;240
2012;756;240
2012;757;240
2012;758;240
2013;755;340
2013;756;340
2014;755;525
2014;755;526
2014;755;527
2014;755;528
2014;756;526
2014;756;525
2015;755;560
2015;756;560
2016;755;565
2016;756;565
2017;756;221
2017;757;221
2018;756;271
2018;756;272
2018;757;272
2019;756;529
2019;756;530
2019;756;531
2020;757;227
2021;757;245
2021;758;245
2021;759;245
2021;760;245
2021;761;245
2021;762;245
2021;763;245
2021;764;245
2021;765;245
2021;766;245
2021;767;245
2021;768;245
2022;757;269
2022;757;270
2023;757;341
2024;757;527
2025;757;532
2025;757;533
2025;757;534
2026;757;553
2026;758;553
2026;759;553
2026;760;553
2027;757;561
2027;758;561
2028;757;564
2028;758;564
2029;757;572
2029;758;572
2029;759;572
2030;757;597
2030;757;598
2030;757;599
2030;758;599
2031;758;222
2031;759;222
2032;758;228
2033;758;267
2033;758;268
2034;758;271
2035;758;339
2035;759;339
2035;760;339
2035;761;339
2036;758;342
2036;759;342
2037;758;528
2037;758;529
2038;758;535
2038;758;536
2038;758;537
2038;758;538
2039;758;593
2039;758;594
2039;758;595
2039;758;596
2040;759;229
2041;759;239
2041;760;239
2042;759;265
2042;759;266
2043;759;270
2044;759;530
2044;759;531
2045;759;539
2045;759;540
2045;759;541
2046;759;562
2046;759;563
2047;759;589
2047;759;590
2047;759;591
2047;759;592
2048;759;597
2048;759;598
2049;760;223
2049;761;223
2050;760;230
2051;760;263
2051;760;264
2052;760;269
2053;760;343
2053;761;343
2054;760;532
2055;760;542
2055;760;543
2055;760;544
2056;760;571
2056;761;571
2056;762;571
2057;760;585
2057;760;586
2057;760;587
2057;760;588
2058;760;595
2058;760;596
2059;761;231
2060;761;238
2060;762;238
2060;763;238
2061;761;261
2061;761;262
2062;761;268
2063;761;533
2063;761;534
2064;761;545
2064;761;546
2064;761;547
2065;761;554
2065;762;554
2066;761;581
2066;761;582
2066;761;583
2066;761;584
2067;761;594
2068;762;224
2068;763;224
2069;762;232
2069;763;232
2070;762;259
2070;762;260
2071;762;267
2072;762;340
2072;763;340
2072;764;340
2072;765;340
2072;766;340
2073;762;344
2073;763;344
2074;762;535
2074;762;536
2075;762;548
2075;762;549
2075;762;550
2075;762;551
2076;762;577
2076;762;578
2076;762;579
2076;762;580
2077;762;592
2077;762;593
2078;763;257
2078;763;258
2079;763;265
2079;763;266
2080;763;537
2081;763;552
2081;763;553
2082;763;570
2083;763;572
2083;763;573
2083;763;574
2083;763;575
2083;763;576
2084;763;590
2084;763;591
2085;764;225
2085;765;225
2086;764;233
2087;764;237
2087;765;237
2087;766;237
2088;764;255
2088;764;256
2089;764;264
2090;764;345
2091;764;538
2091;764;539
2092;764;571
2093;764;588
2093;764;589
2094;765;234
2095;765;253
2095;765;254
2096;765;263
2097;765;346
2097;766;346
2098;765;540
2098;765;541
2099;765;586
2099;765;587
2100;766;226
2100;767;226
2101;766;235
2102;766;251
2102;766;252
2103;766;262
2104;766;542
2105;766;584
2105;766;585
2106;767;236
2107;767;249
2107;767;250
2108;767;261
2109;767;341
2109;768;341
2109;769;341
2109;770;341
2110;767;347
2110;768;347
2111;767;543
2111;767;544
2112;767;582
2112;767;583
2113;768;227
2113;769;227
2114;768;247
2114;768;248
2115;768;260
2116;768;545
2117;768;580
2117;768;581
2118;769;246
2119;769;258
2119;769;259
2120;769;348
2121;769;546
2121;769;547
2122;769;578
2122;769;579
2123;770;199
2123;770;200
2123;770;201
2123;770;202
2123;770;203
2123;770;204
2123;771;199
2124;770;228
2124;771;228
2125;770;257
2126;770;349
2126;771;349
2127;770;548
2127;770;549
2128;770;577
2129;771;205
2129;771;206
2129;771;207
2129;771;208
2129;771;209
2129;771;210
2129;771;211
2129;771;212
2129;771;213
2129;771;214
2129;771;215
2129;771;216
2130;771;256
2131;771;342
2131;772;342
2131;773;342
2131;774;342
2131;775;342
2132;771;550
2133;771;575
2133;771;576
2134;772;200
2134;772;201
2134;772;202
2135;772;217
2135;772;218
2135;772;219
2135;772;220
2135;772;221
2135;772;222
2135;772;223
2135;772;224
2135;772;225
2135;772;226
2135;772;227
2136;772;255
2137;772;350
2137;773;350
2138;772;549
2139;772;574
2140;773;203
2140;773;204
2140;773;205
2141;773;254
2142;773;547
2142;773;548
2143;773;575
2144;774;206
2144;774;207
2144;774;208
2145;774;252
2145;774;253
2146;774;351
2147;774;545
2147;774;546
2148;774;576
2148;774;577
2149;775;209
2149;775;210
2149;775;211
2150;775;251
2151;775;352
2151;776;352
2152;775;543
2152;775;544
2153;775;578
2153;775;579
2154;776;212
2154;776;213
2154;776;214
2155;776;250
2156;776;343
2156;777;343
2156;778;343
2156;779;343
2157;776;541
2157;776;542
2158;776;580
2159;777;215
2159;777;216
2159;777;217
2160;777;251
2160;777;252
2161;777;353
2162;777;539
2162;777;540
2163;777;581
2163;777;582
2164;778;218
2164;778;219
2164;778;220
2165;778;253
2165;778;254
2165;778;255
2166;778;354
2166;778;355
2167;778;537
2167;778;538
2168;778;583
2168;778;584
2169;779;221
2169;779;222
2169;779;223
2170;779;256
2170;779;257
2171;779;356
2171;779;357
2171;779;358
2172;779;535
2172;779;536
2173;779;553
2174;779;585
2175;780;224
2175;780;225
2175;780;226
2176;780;258
2176;780;259
2176;780;260
2177;780;344
2177;781;344
2178;780;359
2178;780;360
2178;780;361
2179;780;534
2180;780;549
2180;780;550
2180;780;551
2180;780;552
2181;780;554
2182;780;571
2182;780;572
2183;780;586
2183;780;587
2184;781;227
2185;781;261
2185;781;262
2185;781;263
2186;781;362
2186;781;363
2186;781;364
2186;781;365
2187;781;532
2187;781;533
2188;781;545
2188;781;546
2188;781;547
2188;781;548
2189;781;553
2189;782;553
2189;783;553
2190;781;570
2190;782;570
2190;783;570
2191;781;573
2191;781;574
2191;781;575
2192;781;588
2192;781;589
2193;782;226
2194;782;264
2194;782;265
2194;782;266
2195;782;343
2195;783;343
2196;782;366
2196;782;367
2196;782;368
2197;782;530
2197;782;531
2198;782;541
2198;782;542
2198;782;543
2198;782;544
2199;782;576
2199;782;577
2199;782;578
2200;782;590
2201;783;224
2201;783;225
2202;783;267
2202;783;268
2202;783;269
2203;783;369
2203;783;370
2203;783;371
2204;783;528
2204;783;529
2205;783;537
2205;783;538
2205;783;539
2205;783;540
2206;783;579
2206;783;580
2206;783;581
2207;783;591
2207;783;592
2208;784;223
2209;784;270
2209;784;271
2209;784;272
2210;784;342
2210;785;342
2211;784;372
2211;784;373
2211;784;374
2212;784;526
2212;784;527
2213;784;533
2213;784;534
2213;784;535
2213;784;536
2214;784;552
2214;785;552
2214;786;552
2215;784;561
2215;784;562
2216;784;571
2216;785;571
2216;786;571
2216;787;571
2217;784;582
2217;784;583
2217;784;584
2217;784;585
2218;784;593
2219;785;222
2220;785;249
2220;785;250
2220;785;251
2220;785;252
2220;785;253
2220;785;254
2221;785;273
2221;785;274
2221;785;275
2222;785;375
2222;785;376
2222;785;377
2222;785;378
2223;785;524
2223;785;525
2223;786;525
2223;786;526
2223;786;527
2223;786;528
2223;786;524
2224;785;529
2224;785;530
2224;785;531
2224;785;532
2225;785;560
2225;786;560
2226;785;563
2226;786;563
2227;785;586
2227;785;587
2227;785;588
2228;785;594
2228;785;595
2229;786;221
2230;786;248
2231;786;255
2231;786;256
2231;786;257
2231;786;258
2231;786;259
2231;786;260
2231;786;261
2231;786;262
2231;786;263
2231;786;264
2231;786;265
2231;786;266
2231;786;267
2232;786;276
2232;786;277
2232;786;278
2232;787;278
2232;787;277
2232;787;276
2232;787;275
2232;787;274
2232;787;273
2232;787;272
2232;787;271
2232;787;270
2232;787;269
2232;787;268
2233;786;341
2234;786;379
2234;787;379
2234;787;378
2234;787;377
2234;787;376
2234;787;375
2234;787;374
2234;787;373
2234;787;372
2234;787;371
2234;787;370
2234;787;369
2234;787;368
2234;787;367
2234;787;366
2234;787;365
2234;787;364
2234;787;363
2234;787;362
2234;787;361
2234;787;360
2234;787;359
2234;787;358
2234;787;357
2234;787;356
2234;787;355
2234;787;354
2234;787;353
2234;787;352
2235;786;589
2235;786;590
2235;786;591
2236;786;596
2236;786;597
2237;787;220
2238;787;249
2238;788;249
2239;787;340
2239;788;340
2240;787;551
2240;788;551
2240;789;551
2241;787;559
2241;788;559
2242;787;564
2242;788;564
2243;787;592
2243;787;593
2243;787;594
2244;787;598
2244;787;599
2244;788;599
2244;788;598
2244;788;597
2244;788;596
2244;788;595
2245;788;218
2245;788;219
2246;788;351
2247;788;572
2247;789;572
2247;790;572
2247;791;572
2248;789;217
2249;789;230
2249;789;231
2250;789;250
2250;790;250
2251;789;339
2251;790;339
2252;789;350
2253;789;558
2254;789;565
2254;790;565
2255;790;216
2256;790;228
2256;790;229
2257;790;232
2257;791;232
2257;792;232
2257;793;232
2257;794;232
2257;795;232
2258;790;349
2259;790;550
2259;791;550
2259;792;550
2259;793;550
2260;790;557
2260;791;557
2261;791;215
2262;791;226
2262;791;227
2263;791;241
2264;791;251
2264;792;251
2265;791;338
2265;792;338
2266;791;348
2267;791;566
2267;792;566
2268;792;214
2269;792;224
2269;792;225
2270;792;240
2271;792;242
2272;792;347
2273;792;556
2273;793;556
2274;792;573
2274;793;573
2274;794;573
2274;795;573
2275;793;213
2276;793;222
2276;793;223
2277;793;239
2277;794;239
2277;795;239
2278;793;243
2279;793;252
2279;794;252
2280;793;337
2280;794;337
2281;793;346
2282;793;567
2283;794;211
2283;794;212
2284;794;219
2284;794;220
2284;794;221
2285;794;244
2286;794;345
2287;794;549
2287;795;549
2287;796;549
2288;794;555
2289;794;568
2289;795;568
2290;795;210
2291;795;217
2291;795;218
2292;795;245
2293;795;253
2293;796;253
2294;795;336
2295;795;343
2295;795;344
2296;795;554
2296;796;554
2297;796;209
2298;796;215
2298;796;216
2299;796;231
2299;797;231
2299;798;231
2299;799;231
2299;800;231
2299;801;231
2299;802;231
2299;803;231
2299;804;231
2299;805;231
2299;806;231
2299;807;231
2300;796;238
2300;797;238
2300;798;238
2301;796;246
2301;797;246
2302;796;335
2302;797;335
2303;796;342
2304;796;569
2304;797;569
2305;796;574
2305;797;574
2305;798;574
2305;799;574
2306;797;208
2307;797;213
2307;797;214
2308;797;254
2308;798;254
2309;797;341
2310;797;548
2310;798;548
2310;799;548
2311;797;553
2311;798;553
2312;798;207
2313;798;211
2313;798;212
2314;798;247
2315;798;334
2315;799;334
2316;798;340
2317;798;570
2317;799;570
2318;799;206
2319;799;209
2319;799;210
2320;799;237
2320;800;237
2320;801;237
2321;799;248
2322;799;255
2322;800;255
2322;801;255
2323;799;339
2324;799;552
2325;800;205
2325;801;205
2325;801;206
2326;800;207
2326;800;208
2327;800;249
2328;800;333
2328;801;333
2329;800;338
2330;800;547
2330;801;547
2330;802;547
2331;800;551
2331;801;551
2332;800;571
2332;801;571
2333;800;575
2333;801;575
2333;802;575
2333;803;575
2334;801;250
2335;801;337
2336;802;236
2336;803;236
2336;804;236
2337;802;251
2337;803;251
2338;802;256
2338;803;256
2339;802;332
2340;802;336
2341;802;550
2342;802;572
2342;803;572
2343;803;331
2343;804;331
2344;803;335
2345;803;546
2345;804;546
2345;805;546
2345;806;546
2346;803;549
2346;804;549
2347;804;252
2348;804;257
2349;804;334
2350;804;573
2350;805;573
2351;804;576
2351;805;576
2351;806;576
2351;807;576
2351;808;576
2351;808;575
2351;809;575
2351;809;576
2351;809;577
2352;805;235
2352;806;235
2352;807;235
2353;805;253
2354;805;258
2354;806;258
2355;805;330
2356;805;333
2357;805;548
2357;806;548
2358;806;254
2359;806;331
2359;806;332
2360;806;574
2360;807;574
2361;807;255
2362;807;259
2362;808;259
2362;809;259
2363;807;545
2363;808;545
2363;808;546
2364;807;547
2365;808;230
2365;809;230
2365;810;230
2365;811;230
2365;812;230
2365;813;230
2365;814;230
2365;815;230
2365;816;230
2365;816;231
2365;817;231
2365;818;231
2365;818;230
2365;817;230
2366;808;234
2366;809;234
2367;808;256
2368;809;257
2369;810;233
2369;811;233
2369;812;233
2369;813;233
2370;810;258
2370;811;258
2371;810;260
2371;811;260
2371;812;260
2371;812;261
2371;812;259
2372;814;232
2372;815;232
2373;863;613
2373;863;614
2373;864;613
2373;865;613
2374;864;615
2374;865;615
2375;866;614
2375;867;614
2375;868;614
2375;869;614
2376;866;616
2377;867;617
2377;868;617
2378;869;618
2378;870;618
2379;870;615
2379;871;615
2379;872;615
2379;873;615
2379;874;615
2380;871;619
2380;872;619
2381;873;620
2382;873;666
2382;873;667
2382;873;668
2382;874;666
2383;874;621
2383;875;621
2384;874;669
2385;875;386
2385;875;387
2386;875;616
2386;876;616
2386;877;616
2386;878;616
2386;879;616
2387;875;667
2387;876;667
2388;875;670
2388;875;671
2389;876;385
2390;876;388
2391;876;622
2391;877;622
2392;876;672
2392;876;673
2393;877;386
2393;878;386
2394;877;389
2395;877;668
2396;877;674
2397;878;390
2398;878;623
2398;879;623
2399;878;669
2400;878;675
2400;878;676
2401;879;387
2402;879;391
2403;879;670
2404;879;677
2404;879;678
2405;880;388
2405;881;388
2406;880;392
2407;880;617
2407;881;617
2407;882;617
2407;883;617
2407;884;617
2408;880;624
2409;880;671
2410;880;679
2410;880;680
2411;881;393
2412;881;625
2412;882;625
2413;881;672
2414;881;681
2415;881;715
2415;881;716
2415;881;717
2415;882;717
2416;882;389
2416;883;389
2417;882;394
2418;882;673
2419;882;682
2419;882;683
2420;882;710
2420;882;711
2420;882;712
2420;882;713
2420;882;714
2421;883;395
2422;883;626
2422;884;626
2423;883;674
2424;883;684
2424;883;685
2425;883;705
2425;883;706
2425;883;707
2425;883;708
2425;883;709
2426;883;715
2426;883;716
2427;884;390
2427;885;390
2428;884;396
2429;884;675
2429;885;675
2430;884;686
2431;884;700
2431;884;701
2431;884;702
2431;884;703
2431;884;704
2432;884;714
2433;885;397
2434;885;618
2434;886;618
2434;887;618
2434;888;618
2435;885;627
2436;885;687
2436;885;688
2437;885;695
2437;885;696
2437;885;697
2437;885;698
2437;885;699
2438;885;712
2438;885;713
2439;886;391
2439;887;391
2440;886;398
2441;886;628
2442;886;676
2443;886;689
2443;886;690
2443;886;691
2443;886;692
2443;886;693
2443;886;694
2444;886;710
2444;886;711
2445;887;399
2446;887;629
2447;887;677
2448;887;708
2448;887;709
2449;888;392
2449;889;392
2450;888;400
2451;888;630
2451;888;631
2451;888;632
2452;888;678
2453;888;707
2454;889;401
2455;889;619
2455;890;619
2456;889;633
2456;889;634
2456;889;635
2457;889;679
2458;889;705
2458;889;706
2459;890;393
2459;891;393
2460;890;402
2461;890;636
2461;890;637
2461;890;638
2462;890;680
2463;890;703
2463;890;704
2464;891;403
2465;891;618
2465;892;618
2466;891;639
2466;891;640
2466;891;641
2467;891;681
2468;891;701
2468;891;702
2469;892;394
2469;893;394
2470;892;404
2471;892;642
2471;892;643
2471;892;644
2472;892;682
2473;892;699
2473;892;700
2474;893;405
2475;893;617
2475;894;617
2476;893;645
2476;893;646
2476;893;647
2476;893;648
2477;893;683
2477;894;683
2478;893;698
2479;894;395
2479;895;395
2480;894;406
2480;894;407
2480;894;408
2480;894;409
2480;894;410
2480;894;411
2480;894;412
2481;894;649
2481;894;650
2482;894;696
2482;894;697
2483;895;413
2483;895;414
2483;895;415
2483;895;416
2483;895;417
2483;895;418
2483;895;419
2483;895;420
2483;895;421
2483;895;422
2483;895;423
2483;895;424
2483;895;425
2483;895;426
2483;895;427
2483;895;428
2483;895;429
2483;895;430
2483;895;431
2483;895;432
2483;895;433
2483;895;434
2483;896;434
2484;895;616
2484;896;616
2485;895;651
2485;895;652
2485;895;653
2485;895;654
2485;896;654
2485;897;654
2485;897;653
2485;897;652
2485;897;651
2485;897;650
2485;897;649
2485;897;648
2485;897;647
2485;897;646
2485;897;645
2485;897;644
2485;897;643
2485;897;642
2485;897;641
2485;897;640
2485;897;639
2485;897;638
2485;897;637
2485;897;636
2485;897;635
2485;897;634
2485;897;633
2485;897;632
2485;897;631
2485;897;630
2485;897;629
2485;897;628
2485;897;627
2485;897;626
2486;895;684
2486;896;684
2486;897;684
2486;898;684
2486;899;684
2486;900;684
2486;901;684
2486;902;684
2486;903;684
2486;904;684
2486;905;684
2486;906;684
2486;907;684
2486;908;684
2486;909;684
2486;910;684
2486;911;684
2486;912;684
2486;913;684
2486;914;684
2486;915;684
2486;916;684
2486;917;684
2486;918;684
2486;919;684
2486;920;684
2486;920;685
2486;921;685
2486;922;685
2486;922;684
2486;921;684
2487;895;694
2487;895;695
2488;896;396
2488;897;396
2489;896;693
2489;897;693
2489;898;693
2490;897;430
2490;897;431
2490;897;432
2490;897;433
2491;897;615
2492;898;397
2493;898;427
2493;898;428
2493;898;429
2494;898;614
2494;899;614
2495;898;625
2496;899;398
2496;900;398
2496;901;398
2496;902;398
2497;899;423
2497;899;424
2497;899;425
2497;899;426
2498;899;624
2499;899;692
2499;900;692
2499;901;692
2500;900;419
2500;900;420
2500;900;421
2500;900;422
2501;900;613
2501;901;613
2502;900;623
2503;901;416
2503;901;417
2503;901;418
2504;901;622
2505;902;412
2505;902;413
2505;902;414
2505;902;415
2506;902;612
2506;903;612
2507;902;621
2508;902;691
2508;903;691
2508;904;691
2509;903;397
2509;904;397
2509;905;397
2509;906;397
2510;903;409
2510;903;410
2510;903;411
2511;903;620
2512;904;408
2513;904;611
2514;904;619
2515;905;407
2516;905;610
2516;906;610
2517;905;617
2517;905;618
2518;905;690
2518;906;690
2518;907;690
2519;906;406
2520;906;616
2521;907;396
2521;908;396
2521;909;396
2521;910;396
2522;907;405
2522;908;405
2523;907;609
2523;908;609
2524;907;615
2525;908;614
2526;908;689
2526;909;689
2526;910;689
2527;909;404
2528;909;608
2529;909;613
2530;910;403
2530;911;403
2531;910;607
2531;911;607
2532;910;612
2533;911;395
2533;912;395
2533;913;395
2533;914;395
2534;911;611
2535;911;688
2535;912;688
2535;913;688
2536;912;402
2537;912;606
2537;913;606
2538;912;610
2539;913;401
2539;914;401
2540;913;609
2541;914;605
2541;915;605
2541;915;606
2541;915;607
2542;914;608
2543;914;687
2543;915;687
2543;916;687
2544;915;394
2544;916;394
2544;917;394
2544;918;394
2545;915;400
2545;916;400
2546;917;399
2547;917;686
2547;918;686
2547;919;686
2548;918;398
2548;919;398
2549;918;988
2549;918;989
2549;918;990
2549;919;989
2549;920;989
2549;921;989
2550;919;393
2550;920;393
2550;921;393
2550;922;393
2551;919;987
2552;920;397
2553;920;986
2554;921;396
2554;922;396
2555;921;985
2556;922;984
2556;923;984
2557;922;988
2557;923;988
2558;923;392
2558;924;392
2558;925;392
2558;926;392
2558;926;393
2558;927;393
2558;927;392
2558;927;391
2559;923;395
2559;924;395
2560;924;983
2561;924;987
2561;925;987
2562;925;394
2563;925;982
2564;926;981
2565;926;986
2565;927;986
2566;927;980
2567;928;979
2568;928;985
2568;929;985
2569;929;978
2570;930;977
2571;930;984
2571;931;984
2571;932;984
2572;931;976
2573;932;975
2574;933;974
2575;933;983
2575;934;983
2576;934;973
2577;935;972
2577;936;972
2578;935;982
2578;936;982
2579;936;45
2579;936;46
2579;937;46
2579;938;46
2580;937;15
2580;937;16
2580;938;16
2580;938;15
2580;939;15
2580;940;15
2581;937;44
2581;938;44
2582;937;971
2583;937;981
2583;938;981
2584;938;965
2584;938;966
2584;938;967
2584;938;968
2584;938;969
2584;938;970
2585;939;17
2586;939;43
2586;940;43
2587;939;45
2587;940;45
2587;941;45
2587;942;45
2588;939;954
2588;939;955
2588;939;956
2588;939;957
2588;939;958
2588;939;959
2588;939;960
2588;939;961
2588;939;962
2588;939;963
2588;939;964
2589;939;980
2589;940;980
2590;940;18
2590;941;18
2591;940;944
2591;940;945
2591;940;946
2591;940;947
2591;940;948
2591;940;949
2591;940;950
2591;940;951
2591;940;952
2591;940;953
2592;941;16
2592;942;16
2592;943;16
2592;944;16
2593;941;42
2593;942;42
2594;941;943
2594;942;943
2594;942;944
2594;942;945
2594;942;946
2595;941;979
2595;942;979
2596;942;19
2596;943;19
2597;943;41
2597;944;41
2598;943;44
2598;944;44
2598;945;44
2598;946;44
2599;943;947
2599;943;948
2599;943;949
2599;943;950
2599;943;951
2600;943;978
2601;944;20
2602;944;952
2602;944;953
2602;944;954
2602;944;955
2603;944;979
2603;945;979
2603;946;979
2604;945;17
2604;946;17
2604;947;17
2605;945;21
2605;946;21
2606;945;40
2607;945;956
2607;945;957
2607;945;958
2607;945;959
2607;945;960
2608;946;39
2608;947;39
2609;946;961
2609;946;962
2609;946;963
2609;946;964
2610;947;22
2610;948;22
2611;947;43
2611;948;43
2611;949;43
2611;950;43
2612;947;965
2612;947;966
2612;947;967
2612;947;968
2612;947;969
2613;947;980
2613;948;980
2613;949;980
2613;950;980
2614;948;18
2614;949;18
2614;950;18
2615;948;38
2615;949;38
2616;948;970
2616;949;970
2617;949;23
2618;950;24
2618;951;24
2619;950;37
2619;951;37
2620;950;971
2621;951;19
2621;952;19
2621;953;19
2621;954;19
2622;951;42
2622;952;42
2622;953;42
2622;954;42
2623;951;972
2624;951;981
2624;952;981
2624;953;981
2625;952;25
2625;953;25
2626;952;36
2626;953;36
2627;952;973
2627;953;973
2628;954;26
2629;954;35
2629;955;35
2630;954;974
2631;954;982
2631;955;982
2631;956;982
2632;955;20
2632;956;20
2632;957;20
2633;955;27
2633;956;27
2634;955;41
2634;956;41
2634;957;41
2634;958;41
2635;955;975
2635;956;975
2636;956;34
2636;957;34
2637;957;28
2637;958;28
2638;957;66
2638;957;67
2638;957;68
2638;958;68
2639;957;976
2640;957;983
2640;958;983
2640;959;983
2641;958;21
2641;959;21
2641;960;21
2642;958;33
2643;958;62
2643;958;63
2643;958;64
2643;958;65
2644;958;977
2645;959;29
2645;960;29
2646;959;32
2646;960;32
2647;959;40
2647;960;40
2647;961;40
2647;962;40
2648;959;59
2648;959;60
2648;959;61
2649;959;66
2649;959;67
2650;959;978
2650;960;978
2651;960;0
2651;960;1
2651;961;0
2651;962;0
2651;963;0
2652;960;56
2652;960;57
2652;960;58
2653;960;64
2653;960;65
2654;960;984
2654;961;984
2654;962;984
2655;961;2
2655;961;3
2655;961;4
2655;961;5
2656;961;22
2656;962;22
2656;963;22
2656;964;22
2657;961;30
2657;961;31
2658;961;52
2658;961;53
2658;961;54
2658;961;55
2659;961;63
2660;961;979
2661;962;6
2661;962;7
2661;962;8
2661;962;9
2662;962;49
2662;962;50
2662;962;51
2663;962;61
2663;962;62
2664;962;980
2664;963;980
2665;963;10
2665;963;11
2665;963;12
2665;963;13
2666;963;39
2666;964;39
2667;963;46
2667;963;47
2667;963;48
2668;963;59
2668;963;60
2669;963;985
2669;964;985
2669;965;985
2670;964;1
2670;964;2
2671;964;14
2671;964;15
2671;964;16
2671;964;17
2672;964;42
2672;964;43
2672;964;44
2672;964;45
2673;964;58
2674;964;981
2675;965;3
2675;965;4
2676;965;18
2676;965;19
2676;965;20
2676;965;21
2677;965;23
2678;965;40
2678;965;41
2679;965;56
2679;965;57
2680;965;982
2681;966;5
2681;966;6
2682;966;22
2683;966;54
2683;966;55
2684;966;983
2684;967;983
2685;966;986
2685;967;986
2685;968;986
2686;967;7
2686;967;8
2687;967;53
2688;968;9
2689;968;51
2689;968;52
2690;968;984
2691;969;10
2691;969;11
2692;969;49
2692;969;50
2693;969;985
2693;970;985
2693;970;986
2693;970;987
2693;969;987
2694;970;12
2694;970;13
2695;970;48
2696;971;14
2696;971;15
2697;971;46
2697;971;47
2698;972;16
2698;972;17
2699;972;44
2699;972;45
2700;973;18
2701;973;43
2702;974;19
2703;974;44
2704;975;17
2704;975;18
2705;975;45
2705;975;46
2706;976;16
2707;976;47
2707;976;48
2708;977;14
2708;977;15
2709;977;49
2709;977;50
2710;978;12
2710;978;13
2711;978;51
2711;978;52
2712;979;11
2713;979;53
2713;979;54
2714;980;9
2714;980;10
2715;980;55
2716;981;7
2716;981;8
2717;981;40
2718;981;56
2718;981;57
2719;982;6
2720;982;21
2720;982;22
2721;982;39
2722;982;41
2722;982;42
2722;982;43
2722;982;44
2723;982;58
2723;982;59
2724;983;4
2724;983;5
2725;983;17
2725;983;18
2725;983;19
2725;983;20
2726;983;23
2726;984;23
2726;985;23
2727;983;40
2727;984;40
2727;985;40
2728;983;45
2728;983;46
2728;983;47
2728;983;48
2729;983;60
2729;983;61
2730;984;2
2730;984;3
2731;984;14
2731;984;15
2731;984;16
2732;984;49
2732;984;50
2732;984;51
2732;984;52
2733;984;62
2733;984;63
2734;985;1
2735;985;11
2735;985;12
2735;985;13
2736;985;53
2736;985;54
2736;985;55
2737;985;64
2737;985;65
2738;986;0
2738;987;0
2738;988;0
2738;988;1
2738;988;2
2738;988;3
2738;989;0
2739;986;7
2739;986;8
2739;986;9
2739;986;10
2740;986;22
2740;987;22
2740;988;22
2740;989;22
2741;986;31
2741;986;32
2742;986;41
2742;987;41
2742;988;41
2742;989;41
2743;986;56
2743;986;57
2743;986;58
2743;986;59
2744;986;66
2744;986;67
2745;987;4
2745;987;5
2745;987;6
2746;987;30
2746;988;30
2747;987;33
2747;988;33
2748;987;60
2748;987;61
2748;987;62
2748;987;63
2749;987;68
2749;988;68
2749;988;69
2749;988;67
2749;988;66
2749;988;65
2749;988;64
2750;989;29
2750;990;29
2751;989;34
2751;990;34
2752;990;21
2752;991;21
2752;992;21
2753;990;42
2753;991;42
2753;992;42
2754;991;28
2754;992;28
2755;991;35
2756;992;36
2756;993;36
2757;993;20
2757;994;20
2757;995;20
2757;996;20
2758;993;27
2759;993;43
2759;994;43
2759;995;43
2760;994;26
2760;995;26
2761;994;37
2761;995;37
2762;996;25
2762;997;25
2763;996;38
2764;996;44
2764;997;44
2764;998;44
2764;999;44
2765;997;19
2765;998;19
2765;999;19
2765;1000;19
2766;997;39
2766;998;39
2767;998;24
2767;999;24
2768;999;40
2768;1000;40
2769;1000;23
2769;1001;23
2770;1000;45
2770;1001;45
2770;1002;45
2771;1001;18
2771;1002;18
2771;1003;18
2771;1004;18
2772;1001;41
2773;1002;22
2773;1003;22
2774;1002;42
2774;1003;42
2775;1003;46
2775;1004;46
2775;1005;46
2776;1004;21
2776;1005;21
2777;1004;43
2777;1005;43
2778;1005;17
2778;1006;17
2778;1007;17
2778;1008;17
2779;1006;20
2780;1006;44
2780;1007;44
2781;1006;47
2781;1007;47
2781;1008;47
2781;1009;47
2781;1009;46
2781;1010;46
2781;1010;47
2781;1010;48
2782;1007;19
2782;1008;19
2783;1008;45
2784;1009;16
2784;1010;16
2784;1011;16
2784;1011;17
2785;1009;18
2785;1010;18
